;FLAVOR:Marlin
;TIME:5252
;Filament used: 7.11615m
;Layer height: 2.4
;MINX:58.996
;MINY:81.016
;MINZ:1.8
;MAXX:161.422
;MAXY:138.979
;MAXZ:93
;TARGET_MACHINE.NAME:Unknown
;Generated with Cura_SteamEngine 5.13.0
M104 S10
M105
M109 S10
G28 X ;Home
G28 Y ;Home
G28 Z ;Home
G1 Z15.0 F6000 ;Move the platform down 15mm
;Prime the extruder
G92 E0
M82 ;absolute extrusion mode
M83 ;relative extrusion mode
;LAYER_COUNT:39
;LAYER:0
M107
M204 S150
;MESH:3DBenchy (6).stl
G0 F36000 X116.555 Y121.916 Z1.8
;TYPE:WALL-INNER
G1 E15 F60
G1 F180 X117.894 Y121.783 E0.4837
G1 X119.117 Y121.619 E0.44356
G1 X120.308 Y121.415 E0.43436
G1 X121.506 Y121.169 E0.43963
G1 X122.694 Y120.886 E0.439
G1 X123.861 Y120.566 E0.43498
G1 X125.084 Y120.183 E0.46068
G1 X126.77 Y119.593 E0.6421
G1 X128.476 Y118.869 E0.66619
G1 X129.588 Y118.351 E0.44097
G1 X130.637 Y117.819 E0.4228
G1 X131.728 Y117.217 E0.44792
G1 X132.744 Y116.613 E0.42488
G1 X133.733 Y115.979 E0.42229
G1 X134.786 Y115.255 E0.45936
G1 X135.752 Y114.544 E0.43116
G1 X136.307 Y114.11 E0.25326
G1 X137.111 Y113.452 E0.37346
G1 X137.653 Y112.986 E0.25694
G1 X138.066 Y112.614 E0.1998
G1 X138.953 Y111.781 E0.43741
G1 X139.904 Y110.827 E0.48422
G1 X140.672 Y109.999 E0.40596
G1 X139.89 Y109.154 E0.41386
G1 X139.054 Y108.309 E0.42729
G1 X138.151 Y107.458 E0.44603
G1 X137.22 Y106.636 E0.44644
G1 X136.795 Y106.277 E0.19998
G1 X135.616 Y105.347 E0.53979
G1 X134.895 Y104.819 E0.32124
G1 X133.765 Y104.039 E0.49357
G1 X132.753 Y103.389 E0.43236
G1 X131.725 Y102.778 E0.42988
G1 X130.635 Y102.179 E0.44709
G1 X129.652 Y101.677 E0.39677
G1 X128.478 Y101.131 E0.46542
G1 X127.315 Y100.632 E0.45492
G1 X126.268 Y100.226 E0.40367
G1 X125.081 Y99.809 E0.45225
G1 X123.894 Y99.44 E0.44683
G1 X122.841 Y99.146 E0.393
G1 X121.537 Y98.835 E0.48189
G1 X120.316 Y98.586 E0.44794
G1 X119.07 Y98.37 E0.45458
G1 X118.035 Y98.227 E0.37558
G1 X116.661 Y98.088 E0.49643
G1 X115.425 Y98.006 E0.44528
G1 X114.157 Y97.961 E0.45609
G1 X112.939 Y97.96 E0.43783
G1 X112.19 Y97.983 E0.26937
G1 X109.44 Y98.139 E0.99013
G1 X73.459 Y100.413 E12.95981
G1 X71.833 Y100.492 E0.58518
G1 X68.94 Y100.676 E1.04204
G1 X68.941 Y119.315 E6.70012
G1 X70.326 Y119.388 E0.49855
G1 X111.22 Y121.965 E14.72923
G1 X112.153 Y122.012 E0.33581
G1 X112.942 Y122.036 E0.28375
G1 X114.164 Y122.036 E0.43927
G1 X115.403 Y121.994 E0.44564
G1 X115.585 Y121.982 E0.06557
G0 F144 X116.555 Y121.916
G0 F36000 X116.517 Y121.311
G0 X116.889 Y125.902
;TYPE:WALL-OUTER
G1 F180 X118.356 Y125.757 E0.52991
G1 X119.721 Y125.574 E0.49506
G1 X121.049 Y125.346 E0.48436
G1 X122.371 Y125.075 E0.4851
G1 X123.687 Y124.762 E0.48626
G1 X124.988 Y124.404 E0.48505
G1 X126.342 Y123.981 E0.50992
G1 X128.214 Y123.325 E0.71304
G1 X130.102 Y122.524 E0.73723
G1 X131.337 Y121.949 E0.4897
G1 X132.508 Y121.355 E0.472
G1 X133.717 Y120.688 E0.49635
G1 X134.845 Y120.017 E0.4718
G1 X135.945 Y119.313 E0.46946
G1 X137.107 Y118.514 E0.50692
G1 X138.17 Y117.73 E0.4748
G1 X138.806 Y117.234 E0.28993
G1 X139.679 Y116.518 E0.40586
G1 X140.256 Y116.025 E0.27281
G1 X140.802 Y115.532 E0.26444
G1 X141.736 Y114.655 E0.46055
G1 X142.689 Y113.702 E0.48447
G1 X143.074 Y113.298 E0.20061
G1 X143.842 Y112.459 E0.40887
G1 X144.463 Y111.658 E0.36433
G1 X144.764 Y110.998 E0.26076
G1 X144.888 Y110.435 E0.20723
G1 X144.93 Y110 E0.1571
G1 X144.863 Y109.307 E0.25027
G1 X144.601 Y108.616 E0.26565
G1 X144.363 Y108.212 E0.16855
G1 X143.99 Y107.695 E0.22916
G1 X142.794 Y106.403 E0.63288
G1 X141.85 Y105.447 E0.48296
G1 X140.847 Y104.502 E0.49537
G1 X139.833 Y103.607 E0.48618
G1 X139.334 Y103.186 E0.23469
G1 X138.029 Y102.156 E0.59762
G1 X137.213 Y101.559 E0.36345
G1 X135.983 Y100.709 E0.53745
G1 X134.856 Y99.986 E0.48132
G1 X133.711 Y99.305 E0.47889
G1 X132.507 Y98.644 E0.49373
G1 X131.406 Y98.082 E0.44435
G1 X130.111 Y97.479 E0.5135
G1 X128.827 Y96.928 E0.50226
G1 X127.654 Y96.473 E0.45227
G1 X126.339 Y96.011 E0.50102
G1 X125.026 Y95.603 E0.49424
G1 X123.843 Y95.273 E0.44149
G1 X122.403 Y94.929 E0.5322
G1 X121.057 Y94.654 E0.49384
G1 X119.684 Y94.417 E0.50085
G1 X118.51 Y94.255 E0.42601
G1 X116.996 Y94.102 E0.54701
G1 X115.629 Y94.01 E0.4925
G1 X114.228 Y93.961 E0.50392
G1 X112.879 Y93.96 E0.48492
G1 X112.016 Y93.987 E0.31037
G1 X109.188 Y94.147 E1.0182
G1 X73.265 Y96.418 E12.93894
G1 X71.581 Y96.5 E0.60606
G1 X68.147 Y96.718 E1.2369
G1 X65.892 Y96.833 E0.81165
G1 X64.94 Y96.892 E0.34287
G1 X64.941 Y123.103 E9.42201
G1 X65.902 Y123.162 E0.3461
G1 X70.074 Y123.38 E1.50175
G1 X110.994 Y125.959 E14.7386
G1 X111.993 Y126.009 E0.35956
G1 X112.882 Y126.036 E0.31971
G1 X114.23 Y126.036 E0.48456
G1 X115.606 Y125.99 E0.4949
G1 X115.919 Y125.969 E0.11277
G0 F144 X116.889 Y125.902
G0 F36000 X118.356 Y125.757
G0 X118.381 Y125.754
G0 X117.828 Y121.18
G0 X116.219 Y118.127
;TYPE:SKIN
G1 F180 X115.211 Y118.198 E0.36324
G1 X114.082 Y118.236 E0.40607
G1 X113.016 Y118.236 E0.38319
G1 X112.297 Y118.213 E0.25859
G1 X111.505 Y118.171 E0.2851
G1 X72.737 Y115.73 E13.96344
G1 X72.739 Y104.251 E4.12633
G1 X73.649 Y104.206 E0.32752
G1 X109.704 Y101.927 E12.98647
G1 X112.336 Y101.779 E0.94761
G1 X113.008 Y101.76 E0.24166
G1 X114.072 Y101.76 E0.38247
G1 X115.239 Y101.802 E0.41977
G1 X116.339 Y101.874 E0.39626
G1 X117.138 Y101.956 E0.28872
G1 X117.155 Y101.94 E0.00839
G1 X118.467 Y102.121 E0.47609
G1 X119.624 Y102.322 E0.42213
G1 X120.7 Y102.542 E0.39479
G1 X121.908 Y102.83 E0.44641
G1 X122.804 Y103.079 E0.33429
G1 X123.903 Y103.423 E0.41396
G1 X124.961 Y103.793 E0.4029
G1 X125.857 Y104.144 E0.34591
G1 X126.913 Y104.595 E0.41277
G1 X127.998 Y105.098 E0.4299
G1 X128.865 Y105.543 E0.35031
G1 X129.85 Y106.085 E0.40414
G1 X130.739 Y106.614 E0.37186
G1 X131.657 Y107.202 E0.39188
G1 X132.69 Y107.913 E0.45079
G1 X133.314 Y108.374 E0.27888
G1 X134.508 Y109.314 E0.54625
G1 X135.29 Y110.002 E0.37441
G1 X134.685 Y110.521 E0.28654
G1 X133.974 Y111.103 E0.33029
G1 X133.46 Y111.508 E0.23523
G1 X132.567 Y112.167 E0.39895
G1 X131.618 Y112.821 E0.4143
G1 X130.745 Y113.378 E0.37225
G1 X129.827 Y113.925 E0.38413
G1 X128.868 Y114.456 E0.39405
G1 X127.944 Y114.923 E0.37216
G1 X126.925 Y115.395 E0.40368
G1 X125.39 Y116.045 E0.59921
G1 X123.885 Y116.573 E0.57333
G1 X122.779 Y116.92 E0.41668
G1 X121.768 Y117.198 E0.37691
G1 X120.67 Y117.459 E0.40569
G1 X119.609 Y117.678 E0.38944
G1 X118.551 Y117.858 E0.38578
G1 X117.457 Y118.005 E0.39679
G1 X116.219 Y118.127 E0.44718
G0 F36000 X129.038 Y112.067
G1 F180 X121.864 Y104.894 E3.64675
G0 F36000 X115.113 Y103.8
G1 F180 X125.247 Y113.933 E5.15151
G0 F36000 X120.985 Y115.328
G1 F180 X109.595 Y103.938 E5.79027
G0 F36000 X104.275 Y104.275
G1 F180 X116.126 Y116.126 E6.02462
G0 F36000 X110.436 Y116.093
G1 F180 X98.954 Y104.611 E5.83704
G0 F36000 X93.633 Y104.947
G1 F180 X104.4 Y115.714 E5.47356
G0 F36000 X98.364 Y115.335
G1 F180 X88.313 Y105.283 E5.10982
G0 F36000 X82.992 Y105.619
G1 F180 X92.328 Y114.956 E4.74634
G0 F36000 X86.292 Y114.577
G1 F180 X77.671 Y105.955 E4.38286
G0 F36000 X74.738 Y108.679
G1 F180 X80.257 Y114.198 E2.80566
;MESH:NONMESH
G0 F600 Z4.2
G0 F36000 X117.492 Y121.213
G0 X117.634 Y122.644
;TIME_ELAPSED:222.985474
;LAYER:1
;TYPE:WALL-INNER
;MESH:3DBenchy (6).stl
G1 F180 X118.872 Y122.506 E0.59704
G1 X120.144 Y122.326 E0.61573
G1 X121.339 Y122.112 E0.58186
G1 X122.604 Y121.842 E0.61996
G1 X123.789 Y121.545 E0.58553
G1 X125.005 Y121.195 E0.60648
G1 X126.203 Y120.803 E0.60415
G1 X127.351 Y120.386 E0.5854
G1 X128.502 Y119.923 E0.59462
G1 X129.653 Y119.415 E0.603
G1 X130.789 Y118.868 E0.60431
G1 X131.846 Y118.312 E0.57242
G1 X132.948 Y117.68 E0.60887
G1 X133.998 Y117.035 E0.59062
G1 X134.996 Y116.368 E0.57533
G1 X136.036 Y115.627 E0.61204
G1 X136.993 Y114.896 E0.57718
G1 X137.97 Y114.093 E0.60613
G1 X139.066 Y113.127 E0.70022
G1 X140.177 Y112.043 E0.74396
G1 X141.076 Y111.101 E0.6241
G1 X141.461 Y110.681 E0.27308
G1 X142.054 Y110 E0.4328
G1 X140.995 Y108.807 E0.76457
G1 X140.608 Y108.398 E0.26987
G1 X139.69 Y107.47 E0.62564
G1 X138.834 Y106.666 E0.56287
G1 X137.941 Y105.879 E0.5705
G1 X136.912 Y105.035 E0.63787
G1 X136.042 Y104.373 E0.52397
G1 X134.996 Y103.628 E0.6155
G1 X133.994 Y102.959 E0.57745
G1 X132.957 Y102.32 E0.58381
G1 X131.876 Y101.704 E0.59633
G1 X130.773 Y101.12 E0.59819
G1 X129.653 Y100.581 E0.59573
G1 X128.502 Y100.073 E0.603
G1 X127.351 Y99.61 E0.59462
G1 X126.211 Y99.196 E0.58131
G1 X125.01 Y98.806 E0.60522
G1 X123.766 Y98.448 E0.62044
G1 X122.474 Y98.125 E0.6383
G1 X121.358 Y97.889 E0.54672
G1 X120.142 Y97.67 E0.59219
G1 X118.881 Y97.491 E0.61044
G1 X117.632 Y97.356 E0.60212
G1 X116.358 Y97.261 E0.61231
G1 X115.078 Y97.212 E0.61394
G1 X113.827 Y97.205 E0.5996
G1 X112.509 Y97.243 E0.63197
G1 X68.34 Y99.797 E21.20513
G1 X68.34 Y120.22 E9.78854
G1 X74.959 Y120.545 E3.17624
G1 X96.927 Y121.787 E10.54586
G1 X112.521 Y122.753 E7.48838
G1 X113.839 Y122.792 E0.63198
G1 X115.078 Y122.788 E0.59384
G1 X116.361 Y122.736 E0.61543
G1 X116.907 Y122.697 E0.26236
G0 F144 X117.634 Y122.644
G0 F36000 X117.549 Y122.04
G0 X118 Y126.628
;TYPE:WALL-OUTER
G1 F180 X119.373 Y126.475 E0.66214
G1 X120.778 Y126.276 E0.68012
G1 X122.11 Y126.037 E0.64861
G1 X123.508 Y125.739 E0.6851
G1 X124.828 Y125.408 E0.65225
G1 X126.18 Y125.019 E0.67429
G1 X127.507 Y124.585 E0.66917
G1 X128.781 Y124.123 E0.64953
G1 X130.058 Y123.609 E0.65977
G1 X131.329 Y123.047 E0.66607
G1 X132.588 Y122.441 E0.66969
G1 X133.772 Y121.818 E0.64124
G1 X134.99 Y121.12 E0.67284
G1 X136.156 Y120.403 E0.65606
G1 X137.268 Y119.661 E0.64073
G1 X138.412 Y118.846 E0.67322
G1 X139.477 Y118.032 E0.64247
G1 X140.55 Y117.151 E0.66542
G1 X141.795 Y116.053 E0.79563
G1 X143.021 Y114.857 E0.8209
G1 X144.025 Y113.803 E0.69768
G1 X144.477 Y113.309 E0.32092
G1 X145.172 Y112.51 E0.50756
G1 X145.748 Y111.779 E0.44606
G1 X145.991 Y111.302 E0.25658
G1 X146.213 Y110.6 E0.35289
G1 X146.27 Y109.999 E0.28935
G1 X146.201 Y109.275 E0.34858
G1 X145.86 Y108.411 E0.44519
G1 X145.439 Y107.807 E0.35288
G1 X144.883 Y107.154 E0.41106
G1 X143.958 Y106.118 E0.66567
G1 X143.454 Y105.586 E0.35124
G1 X142.531 Y104.653 E0.62902
G1 X142.06 Y104.2 E0.31321
G1 X141.555 Y103.733 E0.32967
G1 X140.543 Y102.84 E0.64688
G1 X139.384 Y101.889 E0.71856
G1 X138.414 Y101.151 E0.58417
G1 X137.268 Y100.335 E0.67428
G1 X136.155 Y99.592 E0.64139
G1 X134.996 Y98.878 E0.65245
G1 X133.801 Y98.198 E0.65899
G1 X132.577 Y97.55 E0.66379
G1 X131.329 Y96.949 E0.6639
G1 X130.058 Y96.387 E0.66607
G1 X128.781 Y95.873 E0.65977
G1 X127.51 Y95.412 E0.64801
G1 X126.182 Y94.981 E0.66918
G1 X124.823 Y94.59 E0.67778
G1 X123.358 Y94.223 E0.72386
G1 X122.127 Y93.963 E0.60302
G1 X120.778 Y93.72 E0.65697
G1 X119.376 Y93.521 E0.6787
G1 X117.997 Y93.372 E0.66479
G1 X116.583 Y93.266 E0.67962
G1 X115.164 Y93.212 E0.68061
G1 X113.78 Y93.205 E0.66335
G1 X112.335 Y93.247 E0.69287
G1 X68.071 Y95.81 E21.25084
G1 X68.056 Y95.794 E0.01051
G1 X64.34 Y95.989 E1.78349
G1 X64.34 Y124.028 E13.43882
G1 X74.733 Y124.539 E4.98728
G1 X96.68 Y125.779 E10.53576
G1 X112.339 Y126.749 E7.51959
G1 X113.787 Y126.792 E0.69432
G1 X115.164 Y126.788 E0.65999
G1 X116.587 Y126.73 E0.6826
G1 X117.273 Y126.68 E0.32967
G0 F144 X118 Y126.628
G0 F36000 X119.373 Y126.475
G0 X119.49 Y126.459
G0 X118.81 Y121.903
G0 X117.296 Y118.856
;TYPE:SKIN
G1 F180 X116.15 Y118.939 E0.55071
G1 X114.974 Y118.988 E0.56413
G1 X113.904 Y118.992 E0.51284
G1 X112.677 Y118.953 E0.58839
G1 X97.16 Y117.991 E7.45143
G1 X74.653 Y116.723 E10.80449
G1 X72.14 Y116.599 E1.20592
G1 X72.141 Y103.388 E6.3319
G1 X112.658 Y101.039 E19.45201
G1 X113.882 Y101.005 E0.58688
G1 X114.977 Y101.012 E0.52483
G1 X116.145 Y101.054 E0.56017
G1 X117.296 Y101.14 E0.5532
G1 X118.409 Y101.261 E0.53659
G1 X119.538 Y101.42 E0.54646
G1 X120.639 Y101.619 E0.53625
G1 X121.616 Y101.825 E0.47856
G1 X122.751 Y102.112 E0.56112
G1 X123.901 Y102.441 E0.5733
G1 X124.973 Y102.792 E0.54064
G1 X125.999 Y103.162 E0.52275
G1 X127.038 Y103.579 E0.53659
G1 X128.046 Y104.025 E0.5283
G1 X129.075 Y104.519 E0.54708
G1 X130.031 Y105.025 E0.51843
G1 X131.001 Y105.58 E0.53563
G1 X131.925 Y106.149 E0.5201
G1 X132.849 Y106.764 E0.53199
G1 X133.772 Y107.422 E0.54329
G1 X134.545 Y108.011 E0.46579
G1 X135.487 Y108.78 E0.58283
G1 X136.278 Y109.48 E0.50625
G1 X136.845 Y110.013 E0.37298
G1 X135.521 Y111.181 E0.84622
G1 X134.674 Y111.881 E0.52665
G1 X133.78 Y112.565 E0.53951
G1 X132.836 Y113.237 E0.55538
G1 X131.947 Y113.832 E0.51272
G1 X130.998 Y114.416 E0.53407
G1 X130.016 Y114.978 E0.54229
G1 X129.09 Y115.466 E0.50168
G1 X128.046 Y115.971 E0.55584
G1 X127.04 Y116.412 E0.52646
G1 X125.98 Y116.84 E0.5479
G1 X124.963 Y117.209 E0.51853
G1 X123.904 Y117.555 E0.53397
G1 X122.789 Y117.876 E0.55611
G1 X121.735 Y118.139 E0.52066
G1 X120.605 Y118.381 E0.55388
G1 X119.54 Y118.572 E0.51859
G1 X118.409 Y118.731 E0.54741
G1 X117.296 Y118.856 E0.5368
G0 F36000 X133.502 Y109.742
G1 F180 X131.565 Y111.68 E1.31327
G0 F36000 X130.171 Y107.417
G1 F180 X121.435 Y116.153 E5.92142
G0 F36000 X114.943 Y116.988
G1 F180 X126.434 Y105.498 E7.78848
G0 F36000 X122.23 Y104.044
G1 F180 X109.52 Y116.754 E8.61508
G0 F36000 X104.194 Y116.424
G1 F180 X117.449 Y103.168 E8.98483
G0 F36000 X111.873 Y103.087
G1 F180 X98.867 Y116.093 E8.81571
G0 F36000 X93.52 Y115.784
G1 F180 X105.868 Y103.436 E8.36971
G0 F36000 X99.863 Y103.783
G1 F180 X88.165 Y115.482 E7.92946
G0 F36000 X82.809 Y115.181
G1 F180 X93.858 Y104.132 E7.48922
G0 F36000 X87.852 Y104.481
G1 F180 X77.453 Y114.88 E7.04864
G0 F36000 X74.141 Y112.535
G1 F180 X81.848 Y104.829 E5.22361
G0 F36000 X75.842 Y105.177
G1 F180 X74.141 Y106.878 E1.15297
;MESH:NONMESH
G0 F600 Z6.6
G0 F36000 X118.467 Y121.94
G0 X118.633 Y123.472
;TIME_ELAPSED:460.477205
;LAYER:2
;TYPE:WALL-INNER
;MESH:3DBenchy (6).stl
G1 F180 X119.55 Y123.365 E0.44249
G1 X119.563 Y123.378 E0.00881
G1 X121.229 Y123.124 E0.80772
G1 X122.43 Y122.897 E0.58582
G1 X123.707 Y122.614 E0.6269
G1 X124.981 Y122.278 E0.6315
G1 X126.191 Y121.912 E0.60589
G1 X127.428 Y121.494 E0.62582
G1 X128.585 Y121.056 E0.59294
G1 X129.769 Y120.562 E0.61489
G1 X130.944 Y120.019 E0.62039
G1 X132.047 Y119.468 E0.59095
G1 X133.148 Y118.864 E0.60189
G1 X134.265 Y118.2 E0.62282
G1 X135.322 Y117.524 E0.60136
G1 X136.367 Y116.801 E0.60905
G1 X136.974 Y116.358 E0.36017
G1 X137.853 Y115.676 E0.53323
G1 X138.849 Y114.854 E0.61895
G1 X139.292 Y114.468 E0.28162
G1 X139.77 Y114.032 E0.31009
G1 X140.7 Y113.145 E0.61597
G1 X141.248 Y112.591 E0.37348
G1 X141.993 Y111.797 E0.52185
G1 X142.391 Y111.356 E0.28472
G1 X143.184 Y110.421 E0.58761
G1 X143.526 Y109.999 E0.26034
G1 X142.752 Y109.062 E0.5825
G1 X141.939 Y108.137 E0.59025
G1 X141.082 Y107.233 E0.59703
G1 X140.226 Y106.389 E0.57616
G1 X139.279 Y105.523 E0.61506
G1 X138.299 Y104.682 E0.61895
G1 X137.858 Y104.322 E0.27285
G1 X136.904 Y103.588 E0.57692
G1 X136.351 Y103.182 E0.32881
G1 X135.333 Y102.478 E0.59323
G1 X134.265 Y101.796 E0.60735
G1 X133.148 Y101.132 E0.62282
G1 X132.041 Y100.525 E0.6051
G1 X130.944 Y99.973 E0.58859
G1 X129.843 Y99.467 E0.58076
G1 X128.593 Y98.939 E0.65037
G1 X127.436 Y98.504 E0.59244
G1 X126.191 Y98.084 E0.62976
G1 X124.942 Y97.706 E0.62545
G1 X123.713 Y97.388 E0.60845
G1 X123.105 Y97.243 E0.29958
G1 X122.456 Y97.103 E0.31821
G1 X121.207 Y96.87 E0.60896
G1 X119.956 Y96.68 E0.60647
G1 X118.631 Y96.524 E0.63945
G1 X117.366 Y96.421 E0.60831
G1 X116.061 Y96.363 E0.62609
G1 X114.774 Y96.349 E0.61688
G1 X113.428 Y96.388 E0.6454
G1 X85.3 Y97.954 E13.50235
G1 X72.41 Y98.58 E6.18533
G1 X67.656 Y98.771 E2.28038
G1 X67.653 Y121.228 E10.76342
G1 X73.472 Y121.475 E2.7915
G1 X98.269 Y122.73 E11.90017
G1 X113.428 Y123.612 E7.27785
G1 X114.766 Y123.647 E0.64151
G1 X116.061 Y123.633 E0.62072
G1 X117.366 Y123.575 E0.62609
G1 X117.906 Y123.531 E0.25967
G0 F144 X118.633 Y123.472
G0 F36000 X118.591 Y122.866
G0 X119.027 Y127.453
;TYPE:WALL-OUTER
G1 F180 X119.972 Y127.343 E0.45599
G1 X119.989 Y127.359 E0.01119
G1 X121.9 Y127.068 E0.92648
G1 X123.22 Y126.819 E0.64382
G1 X124.667 Y126.498 E0.71039
G1 X126.071 Y126.127 E0.69602
G1 X127.41 Y125.722 E0.67048
G1 X128.777 Y125.26 E0.6916
G1 X130.064 Y124.773 E0.65953
G1 X131.379 Y124.224 E0.68299
G1 X132.677 Y123.625 E0.68517
G1 X133.903 Y123.012 E0.65697
G1 X135.132 Y122.338 E0.67181
G1 X136.365 Y121.605 E0.68751
G1 X137.539 Y120.854 E0.66797
G1 X138.685 Y120.061 E0.66795
G1 X139.38 Y119.554 E0.41232
G1 X140.353 Y118.798 E0.59057
G1 X141.435 Y117.906 E0.6721
G1 X141.95 Y117.457 E0.32747
G1 X142.454 Y116.999 E0.3264
G1 X143.471 Y116.032 E0.67261
G1 X144.128 Y115.367 E0.44805
G1 X144.917 Y114.528 E0.552
G1 X145.375 Y114.021 E0.32747
G1 X146.296 Y112.934 E0.68285
G1 X146.772 Y112.345 E0.36296
G1 X147.226 Y111.702 E0.37726
G1 X147.55 Y110.991 E0.37449
G1 X147.688 Y110.188 E0.39051
G1 X147.661 Y109.551 E0.30558
G1 X147.573 Y109.136 E0.20333
G1 X147.304 Y108.458 E0.3496
G1 X146.873 Y107.771 E0.38871
G1 X145.813 Y106.485 E0.79876
G1 X144.894 Y105.441 E0.66663
G1 X143.95 Y104.443 E0.65842
G1 X142.968 Y103.477 E0.66022
G1 X141.933 Y102.529 E0.6727
G1 X140.867 Y101.614 E0.67333
G1 X140.344 Y101.188 E0.3233
G1 X139.404 Y100.462 E0.56926
G1 X138.674 Y99.925 E0.43435
G1 X137.548 Y99.146 E0.65625
G1 X136.365 Y98.391 E0.67263
G1 X135.132 Y97.658 E0.68751
G1 X133.901 Y96.983 E0.67288
G1 X132.677 Y96.367 E0.65676
G1 X131.457 Y95.807 E0.64339
G1 X130.075 Y95.223 E0.71909
G1 X128.78 Y94.736 E0.66312
G1 X127.41 Y94.274 E0.69296
G1 X126.023 Y93.854 E0.69459
G1 X124.677 Y93.506 E0.66634
G1 X123.992 Y93.343 E0.33748
G1 X123.248 Y93.181 E0.36495
G1 X121.874 Y92.925 E0.66988
G1 X120.489 Y92.715 E0.6714
G1 X119.026 Y92.543 E0.70603
G1 X117.618 Y92.429 E0.67705
G1 X116.172 Y92.364 E0.69375
G1 X114.738 Y92.349 E0.68734
G1 X113.26 Y92.391 E0.70868
G1 X85.106 Y93.958 E13.51482
G1 X72.249 Y94.583 E6.16951
G1 X63.656 Y94.929 E4.12188
G1 X63.652 Y125.086 E14.45396
G1 X67.209 Y125.213 E1.70592
G1 X73.27 Y125.47 E2.90759
G1 X98.037 Y126.723 E11.88576
G1 X113.26 Y127.609 E7.30858
G1 X114.736 Y127.647 E0.70767
G1 X116.172 Y127.632 E0.6883
G1 X117.618 Y127.567 E0.69375
G1 X118.3 Y127.512 E0.32794
G0 F144 X119.027 Y127.453
G0 F36000 X119.972 Y127.343
G0 X119.989 Y127.359
G0 X120.509 Y127.28
G0 X119.858 Y122.718
G0 X118.243 Y119.689
;TYPE:SKIN
G1 F180 X117.134 Y119.779 E0.53328
G1 X115.957 Y119.832 E0.5647
G1 X114.803 Y119.843 E0.55313
G1 X113.571 Y119.813 E0.59066
G1 X97.968 Y118.911 E7.49085
G1 X73.658 Y117.678 E11.66652
G1 X71.453 Y117.583 E1.05782
G1 X71.456 Y102.42 E7.26748
G1 X72.558 Y102.375 E0.52862
G1 X84.965 Y101.778 E5.95343
G1 X113.571 Y100.183 E13.73187
G1 X114.814 Y100.149 E0.59598
G1 X115.957 Y100.16 E0.54785
G1 X117.131 Y100.213 E0.56326
G1 X118.243 Y100.307 E0.53487
G1 X118.984 Y100.393 E0.35754
G1 X119.003 Y100.376 E0.01222
G1 X120.89 Y100.664 E0.91489
G1 X120.902 Y100.679 E0.00921
G1 X121.696 Y100.828 E0.3872
G1 X122.818 Y101.081 E0.55127
G1 X123.894 Y101.358 E0.53253
G1 X125.033 Y101.705 E0.57068
G1 X126.174 Y102.09 E0.57716
G1 X127.162 Y102.459 E0.50549
G1 X128.294 Y102.939 E0.58932
G1 X129.313 Y103.404 E0.53684
G1 X130.283 Y103.894 E0.52086
G1 X131.258 Y104.428 E0.53281
G1 X132.089 Y104.924 E0.46384
G1 X132.101 Y104.922 E0.00583
G1 X133.221 Y105.639 E0.63738
G1 X134.155 Y106.282 E0.54348
G1 X134.609 Y106.616 E0.27014
G1 X135.64 Y107.41 E0.6237
G1 X136.771 Y108.379 E0.71382
G1 X137.572 Y109.109 E0.51943
G1 X138.464 Y109.996 E0.60292
G1 X138.019 Y110.446 E0.30333
G1 X137.21 Y111.219 E0.53629
G1 X136.389 Y111.953 E0.52783
G1 X135.487 Y112.697 E0.56041
G1 X134.696 Y113.31 E0.47964
G1 X134.171 Y113.695 E0.31204
G1 X133.207 Y114.363 E0.56212
G1 X132.084 Y115.081 E0.63885
G1 X131.261 Y115.562 E0.45688
G1 X130.286 Y116.096 E0.53281
G1 X129.296 Y116.593 E0.53093
G1 X128.24 Y117.08 E0.55736
G1 X127.172 Y117.525 E0.55454
G1 X126.162 Y117.908 E0.51772
G1 X125.025 Y118.291 E0.57504
G1 X123.962 Y118.615 E0.53263
G1 X122.784 Y118.924 E0.5837
G1 X121.652 Y119.176 E0.55584
G1 X120.595 Y119.376 E0.5156
G1 X119.103 Y119.603 E0.72333
G1 X119.073 Y119.593 E0.01516
G1 X118.243 Y119.689 E0.40046
G0 F36000 X133.969 Y111.342
G1 F180 X127.331 Y104.703 E4.4997
G1 X126.624 Y103.996
G0 F36000 X119.436 Y102.465
G1 F180 X130.601 Y113.63 E7.56785
G0 F36000 X126.819 Y115.505
G1 F180 X113.504 Y102.19 E9.02516
G0 F36000 X108.146 Y102.489
G1 F180 X122.569 Y116.912 E9.77618
G0 F36000 X117.724 Y117.724
G1 F180 X102.788 Y102.788 E10.1239
G0 F36000 X97.43 Y103.087
G1 F180 X112.065 Y117.722 E9.91988
G0 F36000 X106.062 Y117.375
G1 F180 X92.072 Y103.386 E9.48235
G0 F36000 X86.714 Y103.684
G1 F180 X100.058 Y117.028 E9.04481
G0 F36000 X94.084 Y116.712
G1 F180 X81.329 Y103.956 E8.64592
G0 F36000 X75.931 Y104.216
G1 F180 X88.125 Y116.41 E8.26532
G0 F36000 X82.167 Y116.108
G1 F180 X73.454 Y107.395 E5.90583
G0 F36000 X73.453 Y113.051
G1 F180 X76.208 Y115.806 E1.86739
;MESH:NONMESH
G0 F600 Z9
G0 F36000 X119.443 Y122.766
G0 X119.62 Y124.287
;TIME_ELAPSED:716.295673
;LAYER:3
;TYPE:WALL-INNER
;MESH:3DBenchy (6).stl
G1 F180 X120.891 Y124.128 E0.61393
G1 X122.24 Y123.91 E0.65495
G1 X123.515 Y123.657 E0.62301
G1 X124.984 Y123.317 E0.72269
G1 X126.054 Y123.011 E0.5334
G1 X127.289 Y122.623 E0.62045
G1 X128.524 Y122.191 E0.62709
G1 X129.76 Y121.704 E0.63673
G1 X130.93 Y121.194 E0.61173
G1 X132.117 Y120.632 E0.62946
G1 X133.264 Y120.032 E0.62042
G1 X134.388 Y119.396 E0.61898
G1 X135.499 Y118.712 E0.62532
G1 X136.575 Y117.998 E0.61893
G1 X137.588 Y117.274 E0.59678
G1 X138.625 Y116.475 E0.62744
G1 X139.623 Y115.646 E0.62183
G1 X140.064 Y115.261 E0.28058
G1 X141.05 Y114.35 E0.64341
G1 X141.524 Y113.888 E0.31725
G1 X141.944 Y113.461 E0.28707
G1 X142.817 Y112.532 E0.61101
G1 X143.646 Y111.584 E0.60359
G1 X144.432 Y110.618 E0.59689
G1 X144.901 Y109.999 E0.37222
G1 X144.434 Y109.383 E0.3705
G1 X143.618 Y108.379 E0.6201
G1 X142.782 Y107.425 E0.60796
G1 X141.851 Y106.439 E0.64996
G1 X140.982 Y105.584 E0.5843
G1 X140.084 Y104.756 E0.58544
G1 X139.099 Y103.906 E0.62358
G1 X138.645 Y103.538 E0.2801
G1 X137.597 Y102.732 E0.63367
G1 X136.57 Y101.998 E0.60502
G1 X135.481 Y101.275 E0.62651
G1 X134.397 Y100.606 E0.61053
G1 X133.254 Y99.959 E0.62951
G1 X132.11 Y99.365 E0.61781
G1 X130.924 Y98.796 E0.63047
G1 X129.774 Y98.297 E0.60084
G1 X128.524 Y97.809 E0.64315
G1 X127.057 Y97.291 E0.74566
G1 X126.065 Y96.989 E0.497
G1 X125.467 Y96.82 E0.29784
G1 X124.153 Y96.485 E0.64993
G1 X122.863 Y96.205 E0.63268
G1 X122.265 Y96.091 E0.29178
G1 X120.909 Y95.874 E0.65819
G1 X119.612 Y95.712 E0.62647
G1 X118.276 Y95.595 E0.64278
G1 X116.979 Y95.53 E0.62242
G1 X115.631 Y95.51 E0.64615
G1 X114.262 Y95.541 E0.65632
G1 X95.478 Y96.542 E9.01576
G1 X77.654 Y97.39 E8.55253
G1 X73.086 Y97.541 E2.19059
G1 X69.343 Y97.696 E1.79552
G1 X66.968 Y97.754 E1.13865
G1 X66.968 Y122.256 E11.74357
G1 X70.822 Y122.361 E1.84787
G1 X82.203 Y122.849 E5.45981
G1 X85.601 Y122.978 E1.6298
G1 X95.52 Y123.456 E4.7596
G1 X114.265 Y124.455 E8.99705
G1 X115.639 Y124.487 E0.65872
G1 X116.979 Y124.47 E0.6423
G1 X118.276 Y124.401 E0.62252
G1 X118.894 Y124.349 E0.29725
G0 F144 X119.62 Y124.287
G0 F36000 X119.55 Y123.68
G0 X118.55 Y128.392
;TYPE:WALL-OUTER
G1 F180 X120.038 Y128.266 E0.71574
G1 X121.459 Y128.088 E0.68639
G1 X122.933 Y127.85 E0.71562
G1 X124.369 Y127.565 E0.70169
G1 X125.986 Y127.191 E0.79547
G1 X127.191 Y126.846 E0.60075
G1 X128.571 Y126.413 E0.69321
G1 X129.918 Y125.941 E0.68409
G1 X131.293 Y125.4 E0.7082
G1 X132.587 Y124.835 E0.67674
G1 X133.9 Y124.213 E0.69635
G1 X135.176 Y123.546 E0.69009
G1 X136.422 Y122.841 E0.68616
G1 X137.654 Y122.082 E0.69355
G1 X138.829 Y121.303 E0.67569
G1 X139.421 Y120.888 E0.34651
G1 X139.988 Y120.475 E0.33621
G1 X141.125 Y119.598 E0.68823
G1 X142.215 Y118.692 E0.67933
G1 X142.736 Y118.239 E0.3309
G1 X143.8 Y117.255 E0.69462
G1 X144.298 Y116.772 E0.33251
G1 X144.787 Y116.276 E0.33383
G1 X145.768 Y115.233 E0.68627
G1 X146.679 Y114.194 E0.6623
G1 X147.513 Y113.171 E0.63261
G1 X148.316 Y112.116 E0.63546
G1 X148.635 Y111.593 E0.29362
G1 X148.768 Y111.298 E0.1551
G1 X148.95 Y110.7 E0.2996
G1 X149.026 Y110.138 E0.27181
G1 X149.001 Y109.576 E0.26963
G1 X148.847 Y108.872 E0.3454
G1 X148.635 Y108.402 E0.24712
G1 X148.32 Y107.884 E0.29057
G1 X147.587 Y106.921 E0.58005
G1 X146.675 Y105.799 E0.69301
G1 X145.754 Y104.747 E0.67014
G1 X145.235 Y104.188 E0.3656
G1 X144.285 Y103.215 E0.65177
G1 X143.267 Y102.242 E0.67494
G1 X142.742 Y101.767 E0.33933
G1 X141.657 Y100.83 E0.68711
G1 X141.124 Y100.398 E0.32883
G1 X139.98 Y99.519 E0.69147
G1 X138.84 Y98.704 E0.67166
G1 X137.637 Y97.905 E0.69217
G1 X136.433 Y97.162 E0.6781
G1 X135.162 Y96.443 E0.6999
G1 X133.898 Y95.786 E0.68277
G1 X132.585 Y95.156 E0.698
G1 X131.298 Y94.598 E0.67233
G1 X129.918 Y94.059 E0.71008
G1 X128.325 Y93.497 E0.80963
G1 X127.195 Y93.151 E0.56642
G1 X126.505 Y92.956 E0.34366
G1 X125.072 Y92.591 E0.70875
G1 X123.661 Y92.285 E0.692
G1 X122.955 Y92.151 E0.34442
G1 X121.473 Y91.913 E0.71941
G1 X120.033 Y91.734 E0.69549
G1 X118.55 Y91.604 E0.71351
G1 X117.11 Y91.532 E0.69104
G1 X115.616 Y91.509 E0.71614
G1 X114.109 Y91.543 E0.72247
G1 X95.288 Y92.546 E9.03352
G1 X77.435 Y93.395 E8.56644
G1 X72.922 Y93.545 E2.16423
G1 X69.145 Y93.7 E1.8118
G1 X62.967 Y93.851 E2.96194
G1 X62.968 Y126.149 E15.48012
G1 X70.65 Y126.357 E3.68326
G1 X82.009 Y126.845 E5.44928
G1 X85.409 Y126.974 E1.63076
G1 X95.307 Y127.45 E4.7495
G1 X114.113 Y128.453 E9.02634
G1 X115.619 Y128.487 E0.722
G1 X117.11 Y128.468 E0.71468
G1 X117.822 Y128.43 E0.34174
G0 F144 X118.55 Y128.392
G0 F36000 X120.038 Y128.266
G0 X120.044 Y128.266
G0 X119.549 Y123.681
G0 X119.213 Y120.506
;TYPE:SKIN
G1 F180 X118.007 Y120.612 E0.58025
G1 X116.873 Y120.668 E0.54418
G1 X115.664 Y120.683 E0.57951
G1 X114.392 Y120.653 E0.60983
G1 X85.783 Y119.182 E13.73013
G1 X70.768 Y118.555 E7.20281
G1 X70.768 Y101.436 E8.20497
G1 X73.23 Y101.339 E1.18093
G1 X77.799 Y101.187 E2.19109
G1 X95.652 Y100.334 E8.56653
G1 X114.39 Y99.339 E8.99359
G1 X115.649 Y99.309 E0.6036
G1 X116.87 Y99.328 E0.58528
G1 X117.992 Y99.384 E0.53843
G1 X119.22 Y99.493 E0.59088
G1 X120.354 Y99.633 E0.54764
G1 X121.116 Y99.755 E0.36987
G1 X121.132 Y99.742 E0.00988
G1 X122.092 Y99.925 E0.4684
G1 X123.284 Y100.183 E0.58454
G1 X123.948 Y100.353 E0.32851
G1 X123.963 Y100.341 E0.00921
G1 X124.972 Y100.626 E0.50253
G1 X126.019 Y100.954 E0.52587
G1 X127.214 Y101.375 E0.60726
G1 X128.32 Y101.81 E0.56962
G1 X129.359 Y102.26 E0.54268
G1 X130.409 Y102.765 E0.55843
G1 X131.423 Y103.292 E0.54772
G1 X132.478 Y103.887 E0.58053
G1 X133.442 Y104.483 E0.54321
G1 X134.41 Y105.129 E0.55778
G1 X135.318 Y105.773 E0.53354
G1 X136.101 Y106.377 E0.47397
G1 X136.653 Y106.816 E0.33804
G1 X137.532 Y107.574 E0.55631
G1 X138.332 Y108.31 E0.52102
G1 X139.114 Y109.076 E0.52466
G1 X139.982 Y109.997 E0.60657
G1 X139.193 Y110.833 E0.55096
G1 X138.493 Y111.534 E0.47481
G1 X137.376 Y112.565 E0.72856
G1 X136.241 Y113.51 E0.70787
G1 X135.327 Y114.214 E0.55295
G1 X134.407 Y114.873 E0.5424
G1 X133.466 Y115.498 E0.54143
G1 X132.453 Y116.122 E0.57024
G1 X131.451 Y116.691 E0.55228
G1 X130.405 Y117.236 E0.56531
G1 X129.368 Y117.727 E0.54992
G1 X128.301 Y118.192 E0.55786
G1 X127.183 Y118.632 E0.57585
G1 X126.093 Y119.013 E0.55342
G1 X125.01 Y119.353 E0.54405
G1 X124.01 Y119.643 E0.49904
G1 X122.725 Y119.936 E0.6317
G1 X121.567 Y120.167 E0.56595
G1 X120.332 Y120.368 E0.59971
G1 X119.213 Y120.506 E0.54039
G0 F36000 X135.103 Y108.141
G1 F180 X126.488 Y116.757 E5.83975
G0 F36000 X119.08 Y118.508
G1 F180 X131.781 Y105.807 E8.60898
G0 F36000 X128.056 Y103.875
G1 F180 X113.335 Y118.596 E9.97817
G0 F36000 X107.955 Y118.319
G1 F180 X123.879 Y102.395 E10.79359
G0 F36000 X119.122 Y101.495
G1 F180 X102.574 Y118.043 E11.21655
G0 F36000 X97.194 Y117.767
G1 F180 X113.576 Y101.384 E11.10437
G0 F36000 X107.602 Y101.702
G1 F180 X91.814 Y117.49 E10.7014
G0 F36000 X86.433 Y117.214
G1 F180 X101.628 Y102.019 E10.29946
G0 F36000 X95.654 Y102.336
G1 F180 X81.009 Y116.981 E9.92666
G0 F36000 X75.581 Y116.753
G1 F180 X89.713 Y102.62 E9.57927
G0 F36000 X83.772 Y102.904
G1 F180 X72.768 Y113.909 E7.45906
G0 F36000 X72.768 Y108.252
G1 F180 X77.833 Y103.187 E3.43315
;MESH:NONMESH
G0 F600 Z11.4
G0 F36000 X118.988 Y123.73
G0 X119.117 Y125.216
;TIME_ELAPSED:989.172076
;LAYER:4
;TYPE:WALL-INNER
;MESH:3DBenchy (6).stl
G1 F180 X120.481 Y125.088 E0.65662
G1 X122.12 Y124.872 E0.79235
G1 X123.496 Y124.628 E0.66979
G1 X124.665 Y124.373 E0.57347
G1 X124.673 Y124.38 E0.00509
G1 X125.757 Y124.101 E0.53648
G1 X126.611 Y123.866 E0.42453
G1 X128.131 Y123.383 E0.76442
G1 X129.596 Y122.856 E0.74621
G1 X130.845 Y122.348 E0.64625
G1 X132.045 Y121.812 E0.62992
G1 X133.217 Y121.234 E0.62633
G1 X134.394 Y120.599 E0.64099
G1 X135.527 Y119.933 E0.62991
G1 X136.635 Y119.228 E0.62944
G1 X137.732 Y118.472 E0.63854
G1 X138.256 Y118.094 E0.30967
G1 X139.287 Y117.3 E0.6237
G1 X140.447 Y116.338 E0.72229
G1 X140.948 Y115.894 E0.32085
G1 X141.786 Y115.107 E0.551
G1 X142.208 Y114.697 E0.282
G1 X143.089 Y113.79 E0.60603
G1 X143.988 Y112.795 E0.64272
G1 X144.372 Y112.342 E0.28463
G1 X145.218 Y111.299 E0.64367
G1 X145.593 Y110.806 E0.29688
G1 X146.182 Y109.996 E0.48001
G1 X145.576 Y109.167 E0.49217
G1 X145.181 Y108.648 E0.3126
G1 X144.784 Y108.147 E0.30637
G1 X143.938 Y107.144 E0.6289
G1 X143.554 Y106.712 E0.27703
G1 X142.649 Y105.747 E0.63409
G1 X141.728 Y104.833 E0.6219
G1 X141.123 Y104.265 E0.39774
G1 X140.21 Y103.463 E0.58245
G1 X139.798 Y103.113 E0.2591
G1 X138.747 Y102.274 E0.64456
G1 X138.264 Y101.912 E0.2893
G1 X137.288 Y101.212 E0.57566
G1 X136.659 Y100.789 E0.3633
G1 X135.63 Y100.132 E0.58514
G1 X134.384 Y99.394 E0.69409
G1 X133.198 Y98.754 E0.64592
G1 X132.058 Y98.197 E0.60812
G1 X130.827 Y97.644 E0.64681
G1 X129.581 Y97.139 E0.64438
G1 X128.127 Y96.611 E0.74141
G1 X127.042 Y96.263 E0.54612
G1 X125.762 Y95.899 E0.63782
G1 X124.465 Y95.58 E0.64017
G1 X123.82 Y95.441 E0.31624
G1 X122.099 Y95.113 E0.83971
G1 X120.498 Y94.909 E0.77355
G1 X119.117 Y94.78 E0.66478
G1 X117.797 Y94.705 E0.63368
G1 X116.416 Y94.677 E0.66204
G1 X115.018 Y94.702 E0.67015
G1 X96.604 Y95.623 E8.83668
G1 X83.368 Y96.205 E6.35002
G1 X74.833 Y96.511 E4.09337
G1 X72.728 Y96.559 E1.00917
G1 X67.095 Y96.732 E2.70111
G1 X66.284 Y96.742 E0.38873
G1 X66.284 Y123.303 E12.73043
G1 X72.397 Y123.427 E2.9305
G1 X85.647 Y123.897 E6.35459
G1 X96.651 Y124.379 E5.27917
G1 X115.018 Y125.294 E8.81404
G1 X116.416 Y125.319 E0.67015
G1 X117.8 Y125.291 E0.66347
G1 X118.389 Y125.257 E0.28277
G0 F144 X119.117 Y125.216
G0 F36000 X119.085 Y124.61
G0 X119.417 Y129.205
;TYPE:WALL-OUTER
G1 F180 X120.928 Y129.064 E0.72735
G1 X122.73 Y128.826 E0.87118
G1 X124.272 Y128.553 E0.75056
G1 X125.517 Y128.281 E0.61079
G1 X125.527 Y128.29 E0.00645
G1 X126.785 Y127.967 E0.6225
G1 X127.747 Y127.702 E0.47825
G1 X129.414 Y127.173 E0.83824
G1 X131.028 Y126.592 E0.82217
G1 X132.415 Y126.028 E0.71763
G1 X133.745 Y125.433 E0.69834
G1 X135.051 Y124.79 E0.69771
G1 X136.358 Y124.085 E0.71175
G1 X137.615 Y123.345 E0.69911
G1 X138.843 Y122.564 E0.69752
G1 X140.038 Y121.741 E0.69544
G1 X140.637 Y121.308 E0.35425
G1 X141.781 Y120.428 E0.69176
G1 X142.352 Y119.963 E0.35294
G1 X143.061 Y119.366 E0.44424
G1 X143.641 Y118.852 E0.37144
G1 X144.503 Y118.044 E0.56627
G1 X145.026 Y117.536 E0.34945
G1 X146.019 Y116.514 E0.68297
G1 X146.998 Y115.43 E0.70008
G1 X147.452 Y114.895 E0.3363
G1 X148.363 Y113.771 E0.69345
G1 X148.779 Y113.225 E0.32899
G1 X149.601 Y112.094 E0.67012
G1 X149.883 Y111.63 E0.26024
G1 X150.062 Y111.242 E0.2048
G1 X150.225 Y110.687 E0.27724
G1 X150.309 Y109.999 E0.3322
G1 X150.224 Y109.299 E0.33797
G1 X150.12 Y108.92 E0.18837
G1 X149.868 Y108.335 E0.30529
G1 X149.612 Y107.908 E0.23862
G1 X148.747 Y106.73 E0.70047
G1 X148.319 Y106.168 E0.33858
G1 X147.913 Y105.655 E0.31356
G1 X146.983 Y104.549 E0.69259
G1 X146.51 Y104.016 E0.34155
G1 X145.528 Y102.969 E0.688
G1 X144.496 Y101.945 E0.6968
G1 X143.814 Y101.305 E0.44826
G1 X142.884 Y100.486 E0.59395
G1 X142.34 Y100.025 E0.34176
G1 X141.195 Y99.11 E0.70249
G1 X140.629 Y98.686 E0.33895
G1 X139.57 Y97.927 E0.62447
G1 X138.854 Y97.445 E0.41369
G1 X137.727 Y96.724 E0.64124
G1 X136.352 Y95.91 E0.76585
G1 X135.026 Y95.196 E0.72182
G1 X133.758 Y94.575 E0.67671
G1 X132.398 Y93.964 E0.7146
G1 X131.015 Y93.404 E0.71514
G1 X129.421 Y92.825 E0.81283
G1 X128.211 Y92.437 E0.60903
G1 X126.792 Y92.033 E0.70714
G1 X125.349 Y91.679 E0.71212
G1 X124.617 Y91.521 E0.35892
G1 X122.726 Y91.161 E0.92262
G1 X120.936 Y90.933 E0.86486
G1 X119.417 Y90.791 E0.73122
G1 X117.951 Y90.707 E0.70379
G1 X116.421 Y90.677 E0.73346
G1 X114.884 Y90.704 E0.73678
G1 X96.428 Y91.627 E8.85684
G1 X83.224 Y92.207 E6.33465
G1 X74.742 Y92.512 E4.06797
G1 X72.605 Y92.561 E1.02451
G1 X67.043 Y92.732 E2.66707
G1 X62.284 Y92.794 E2.28114
G1 X62.284 Y127.221 E16.50053
G1 X72.255 Y127.425 E4.78
G1 X85.472 Y127.893 E6.33875
G1 X96.452 Y128.374 E5.26765
G1 X114.884 Y129.292 E8.84523
G1 X116.421 Y129.319 E0.73678
G1 X117.954 Y129.289 E0.73489
G1 X118.689 Y129.247 E0.35285
G0 F144 X119.417 Y129.205
G0 F36000 X120.91 Y129.066
G0 X120.418 Y124.485
G0 X118.813 Y121.425
;TYPE:SKIN
G1 F180 X117.667 Y121.489 E0.55012
G1 X116.404 Y121.515 E0.60547
G1 X115.128 Y121.492 E0.61167
G1 X96.836 Y120.582 E8.77802
G1 X85.808 Y120.097 E5.29072
G1 X72.539 Y119.629 E6.36366
G1 X70.084 Y119.579 E1.1769
G1 X70.081 Y100.44 E9.17314
G1 X72.819 Y100.356 E1.31291
G1 X74.507 Y100.324 E0.80919
G1 X83.496 Y100.003 E4.31109
G1 X96.764 Y99.419 E6.36538
G1 X115.128 Y98.5 E8.8127
G1 X116.404 Y98.477 E0.61167
G1 X117.667 Y98.503 E0.60547
G1 X118.813 Y98.567 E0.55012
G1 X120.087 Y98.689 E0.61341
G1 X121.511 Y98.869 E0.68794
G1 X123.048 Y99.16 E0.74976
G1 X123.601 Y99.281 E0.27132
G1 X124.803 Y99.574 E0.59298
G1 X125.945 Y99.902 E0.56948
G1 X126.889 Y100.205 E0.47519
G1 X128.199 Y100.68 E0.66787
G1 X129.314 Y101.132 E0.57665
G1 X130.456 Y101.645 E0.60004
G1 X131.442 Y102.124 E0.52539
G1 X132.526 Y102.709 E0.59038
G1 X133.623 Y103.36 E0.61139
G1 X134.582 Y103.973 E0.54552
G1 X135.126 Y104.339 E0.31425
G1 X135.953 Y104.932 E0.48774
G1 X136.422 Y105.28 E0.27991
G1 X137.371 Y106.037 E0.58183
G1 X138.584 Y107.094 E0.77114
G1 X139.083 Y107.56 E0.32724
G1 X139.905 Y108.378 E0.55581
G1 X140.721 Y109.247 E0.57134
G1 X141.392 Y109.995 E0.48162
G1 X140.358 Y111.142 E0.74015
G1 X139.962 Y111.559 E0.27563
G1 X139.152 Y112.362 E0.54667
G1 X138.381 Y113.084 E0.50626
G1 X137.966 Y113.456 E0.26712
G1 X136.926 Y114.318 E0.64742
G1 X136.137 Y114.928 E0.478
G1 X135.599 Y115.32 E0.31905
G1 X134.535 Y116.056 E0.62008
G1 X133.544 Y116.685 E0.56257
G1 X132.523 Y117.286 E0.56784
G1 X131.462 Y117.862 E0.57863
G1 X130.431 Y118.368 E0.55045
G1 X129.337 Y118.857 E0.57434
G1 X128.257 Y119.299 E0.55931
G1 X126.927 Y119.773 E0.67673
G1 X125.508 Y120.227 E0.71407
G1 X124.769 Y120.431 E0.36744
G1 X123.845 Y120.667 E0.45708
G1 X123.079 Y120.824 E0.37477
G1 X123.064 Y120.844 E0.01198
G1 X121.559 Y121.11 E0.73251
G1 X120.047 Y121.308 E0.73087
G1 X118.813 Y121.425 E0.5941
G0 F36000 X138.488 Y110.203
G1 F180 X135.01 Y106.726 E2.35711
G0 F36000 X135.511 Y112.883
G1 F180 X124.086 Y101.459 E7.74374
G0 F36000 X117.47 Y100.5
G1 F180 X132.153 Y115.183 E9.95241
G0 F36000 X128.395 Y117.081
G1 F180 X111.974 Y100.66 E11.13046
G0 F36000 X106.587 Y100.93
G1 F180 X124.175 Y118.518 E11.92148
G0 F36000 X119.363 Y119.363
G1 F180 X101.2 Y101.2 E12.31122
G0 F36000 X95.807 Y101.463
G1 F180 X113.764 Y119.421 E12.17193
G0 F36000 X107.812 Y119.126
G1 F180 X90.388 Y101.702 E11.81031
G0 F36000 X84.97 Y101.941
G1 F180 X101.859 Y118.829 E11.44734
G0 F36000 X95.913 Y118.54
G1 F180 X79.52 Y102.147 E11.11148
G0 F36000 X74.05 Y102.334
G1 F180 X89.995 Y118.279 E10.80782
G0 F36000 X84.094 Y118.035
G1 F180 X72.081 Y106.022 E8.14264
G0 F36000 X72.082 Y111.68
G1 F180 X78.23 Y117.828 E4.16723
G1 X78.937 Y118.535
;MESH:NONMESH
G0 F600 Z13.8
G0 F36000 X119.767 Y124.546
G0 X119.905 Y126.022
;TIME_ELAPSED:1280.855936
;LAYER:5
;TYPE:WALL-INNER
;MESH:3DBenchy (6).stl
G1 F180 X121.277 Y125.882 E0.661
G1 X122.692 Y125.687 E0.68461
G1 X123.315 Y125.584 E0.30265
G1 X124.67 Y125.317 E0.66193
G1 X126.012 Y125 E0.66091
G1 X127.345 Y124.635 E0.66241
G1 X127.952 Y124.448 E0.30442
G1 X129.26 Y124.015 E0.66037
G1 X130.571 Y123.52 E0.67165
G1 X131.819 Y122.997 E0.64855
G1 X133.038 Y122.434 E0.64356
G1 X134.25 Y121.816 E0.65206
G1 X135.453 Y121.146 E0.65998
G1 X136.338 Y120.613 E0.49516
G1 X137.166 Y120.087 E0.47016
G1 X137.707 Y119.726 E0.31172
G1 X138.812 Y118.942 E0.64938
G1 X139.842 Y118.158 E0.62041
G1 X140.927 Y117.26 E0.67504
G1 X141.385 Y116.865 E0.28988
G1 X142.37 Y115.956 E0.64241
G1 X143.342 Y114.991 E0.65647
G1 X143.772 Y114.541 E0.29832
G1 X144.661 Y113.557 E0.63559
G1 X145.531 Y112.514 E0.65098
G1 X146.327 Y111.487 E0.62277
G1 X146.697 Y110.978 E0.3016
G1 X147.379 Y110.005 E0.5695
G1 X147.063 Y109.537 E0.27065
G1 X146.673 Y108.983 E0.32472
G1 X145.875 Y107.916 E0.63861
G1 X145.053 Y106.902 E0.62563
G1 X144.611 Y106.384 E0.32637
G1 X144.23 Y105.957 E0.27428
G1 X143.287 Y104.949 E0.66158
G1 X142.867 Y104.526 E0.2857
G1 X141.863 Y103.568 E0.66512
G1 X140.89 Y102.703 E0.62399
G1 X140.387 Y102.284 E0.31377
G1 X139.341 Y101.451 E0.64089
G1 X138.255 Y100.651 E0.64649
G1 X137.699 Y100.263 E0.32496
G1 X137.154 Y99.899 E0.31412
G1 X136.367 Y99.398 E0.44715
G1 X135.437 Y98.841 E0.51957
G1 X134.253 Y98.187 E0.6483
G1 X133.028 Y97.56 E0.65957
G1 X131.816 Y96.998 E0.64031
G1 X130.573 Y96.477 E0.64597
G1 X129.316 Y96.004 E0.64371
G1 X127.959 Y95.55 E0.68583
G1 X126.65 Y95.166 E0.65383
G1 X125.576 Y94.876 E0.53319
G1 X123.991 Y94.54 E0.77656
G1 X123.333 Y94.416 E0.32092
G1 X122.137 Y94.226 E0.58042
G1 X121.313 Y94.117 E0.39838
G1 X119.894 Y93.974 E0.68356
G1 X118.54 Y93.892 E0.65015
G1 X117.138 Y93.857 E0.67217
G1 X115.72 Y93.879 E0.67972
G1 X90.435 Y95.02 E12.13119
G1 X80.165 Y95.395 E4.92559
G1 X65.596 Y95.716 E6.98447
G1 X65.596 Y124.334 E13.71633
G1 X72.463 Y124.426 E3.29158
G1 X90.519 Y124.978 E8.65811
G1 X104.869 Y125.595 E6.88417
G1 X114.817 Y126.08 E4.77364
G1 X115.798 Y126.121 E0.47059
G1 X117.133 Y126.139 E0.63991
G1 X118.542 Y126.104 E0.67553
G1 X119.177 Y126.066 E0.30489
G0 F144 X119.905 Y126.022
G0 F36000 X119.855 Y125.415
G0 X120.229 Y130.01
;TYPE:WALL-OUTER
G1 F180 X121.753 Y129.854 E0.73426
G1 X123.292 Y129.642 E0.74459
G1 X124.014 Y129.522 E0.35079
G1 X125.511 Y129.228 E0.7312
G1 X126.267 Y129.057 E0.3715
G1 X127.169 Y128.832 E0.44557
G1 X128.475 Y128.473 E0.64917
G1 X129.17 Y128.258 E0.34868
G1 X130.596 Y127.786 E0.71993
G1 X132.051 Y127.237 E0.74536
G1 X133.433 Y126.657 E0.71835
G1 X134.786 Y126.032 E0.71432
G1 X136.131 Y125.346 E0.72365
G1 X137.457 Y124.608 E0.72734
G1 X138.443 Y124.015 E0.55146
G1 X139.348 Y123.439 E0.51416
G1 X139.961 Y123.031 E0.35293
G1 X141.182 Y122.164 E0.71774
G1 X142.342 Y121.282 E0.69844
G1 X143.509 Y120.316 E0.7261
G1 X144.048 Y119.851 E0.34119
G1 X145.136 Y118.846 E0.70989
G1 X146.196 Y117.794 E0.71578
G1 X146.694 Y117.273 E0.34544
G1 X147.679 Y116.183 E0.70414
G1 X148.61 Y115.069 E0.69584
G1 X149.513 Y113.906 E0.70571
G1 X149.94 Y113.321 E0.34713
G1 X150.577 Y112.411 E0.53239
G1 X151.026 Y111.709 E0.3994
G1 X151.184 Y111.362 E0.18274
G1 X151.376 Y110.774 E0.29647
G1 X151.439 Y110.423 E0.17092
G1 X151.462 Y109.851 E0.27438
G1 X151.398 Y109.319 E0.25682
G1 X151.265 Y108.811 E0.25169
G1 X151.023 Y108.287 E0.27664
G1 X150.652 Y107.699 E0.33323
G1 X149.932 Y106.664 E0.60429
G1 X149.059 Y105.494 E0.69967
G1 X148.612 Y104.93 E0.34492
G1 X147.667 Y103.801 E0.70566
G1 X147.186 Y103.261 E0.3466
G1 X146.167 Y102.173 E0.71446
G1 X145.667 Y101.669 E0.34027
G1 X144.583 Y100.635 E0.71801
G1 X143.488 Y99.661 E0.7024
G1 X142.923 Y99.191 E0.35225
G1 X141.775 Y98.276 E0.70362
G1 X141.17 Y97.823 E0.36225
G1 X140.573 Y97.391 E0.35319
G1 X139.955 Y96.96 E0.36112
G1 X139.339 Y96.548 E0.35519
G1 X138.469 Y95.994 E0.49435
G1 X137.433 Y95.374 E0.57867
G1 X136.132 Y94.655 E0.71245
G1 X134.78 Y93.963 E0.72795
G1 X133.432 Y93.338 E0.71215
G1 X132.052 Y92.759 E0.71728
G1 X130.654 Y92.234 E0.71574
G1 X129.173 Y91.738 E0.74858
G1 X128.475 Y91.527 E0.3495
G1 X127.72 Y91.312 E0.37625
G1 X126.512 Y90.986 E0.5997
G1 X124.775 Y90.618 E0.85101
G1 X124.017 Y90.475 E0.36971
G1 X122.715 Y90.268 E0.63187
G1 X121.776 Y90.143 E0.45402
G1 X120.215 Y89.986 E0.75195
G1 X118.71 Y89.895 E0.72265
G1 X117.158 Y89.857 E0.74408
G1 X115.6 Y89.88 E0.74682
G1 X90.289 Y91.023 E12.14368
G1 X80.077 Y91.396 E4.89778
G1 X65.158 Y91.724 E7.15226
G1 X61.596 Y91.735 E1.70724
G1 X61.596 Y128.282 E17.51662
G1 X72.341 Y128.424 E5.15042
G1 X90.347 Y128.974 E8.63413
G1 X104.674 Y129.59 E6.87314
G1 X114.583 Y130.074 E4.75495
G1 X115.688 Y130.12 E0.53007
G1 X117.156 Y130.139 E0.70366
G1 X118.711 Y130.101 E0.74552
G1 X119.501 Y130.054 E0.37931
G0 F144 X120.229 Y130.01
G0 F36000 X121.721 Y129.858
G0 X121.239 Y125.276
G0 X119.614 Y122.23
;TYPE:SKIN
G1 F180 X118.391 Y122.305 E0.58727
G1 X117.104 Y122.335 E0.61701
G1 X115.889 Y122.32 E0.58238
G1 X105.049 Y121.798 E5.20153
G1 X90.686 Y121.181 E6.89039
G1 X72.57 Y120.624 E8.68693
G1 X69.397 Y120.582 E1.52092
G1 X69.396 Y99.429 E10.13843
G1 X80.252 Y99.192 E5.20441
G1 X90.565 Y98.819 E4.94615
G1 X115.816 Y97.676 E12.11495
G1 X117.111 Y97.657 E0.62075
G1 X118.389 Y97.691 E0.61275
G1 X119.588 Y97.763 E0.5757
G1 X120.869 Y97.891 E0.61703
G1 X121.598 Y97.988 E0.35248
G1 X122.694 Y98.163 E0.53196
G1 X123.246 Y98.266 E0.26913
G1 X124.669 Y98.566 E0.69702
G1 X125.633 Y98.826 E0.47855
G1 X126.829 Y99.177 E0.59741
G1 X128.042 Y99.582 E0.61293
G1 X129.16 Y100.003 E0.57258
G1 X130.276 Y100.47 E0.57983
G1 X131.865 Y101.209 E0.83993
G1 X133.725 Y102.237 E1.01858
G1 X133.733 Y102.251 E0.00773
G1 X134.936 Y102.985 E0.67544
G1 X136.036 Y103.736 E0.63837
G1 X137.041 Y104.475 E0.59789
G1 X137.979 Y105.226 E0.57592
G1 X138.416 Y105.59 E0.27259
G1 X139.281 Y106.357 E0.5541
G1 X140.155 Y107.19 E0.57869
G1 X140.528 Y107.564 E0.25317
G1 X141.361 Y108.451 E0.58321
G1 X141.735 Y108.869 E0.26883
G1 X142.144 Y109.349 E0.30225
G1 X142.669 Y109.998 E0.40009
G1 X141.819 Y111.027 E0.63969
G1 X141.016 Y111.92 E0.5756
G1 X140.636 Y112.319 E0.26409
G1 X139.754 Y113.193 E0.59513
G1 X138.675 Y114.186 E0.70282
G1 X137.484 Y115.172 E0.74107
G1 X136.559 Y115.876 E0.55714
G1 X135.544 Y116.597 E0.59672
G1 X135.09 Y116.901 E0.26188
G1 X134.329 Y117.385 E0.43226
G1 X133.543 Y117.855 E0.43894
G1 X132.474 Y118.451 E0.58661
G1 X131.365 Y119.016 E0.59654
G1 X130.28 Y119.518 E0.57299
G1 X129.176 Y119.982 E0.57397
G1 X127.989 Y120.433 E0.6086
G1 X126.273 Y120.988 E0.86441
G1 X125.063 Y121.317 E0.601
G1 X123.86 Y121.6 E0.59233
G1 X122.628 Y121.844 E0.60195
G1 X122.113 Y121.93 E0.25025
G1 X120.815 Y122.109 E0.62801
G1 X119.614 Y122.23 E0.57854
G0 F36000 X139.504 Y109.398
G1 F180 X133.131 Y115.771 E4.31974
G1 X132.424 Y116.478
G0 F36000 X136.579 Y106.666
G1 F180 X123.649 Y119.596 E8.7642
G0 F36000 X117.257 Y120.331
G1 F180 X133.276 Y104.312 E10.85798
G0 F36000 X129.58 Y102.351
G1 F180 X111.809 Y120.122 E12.04552
G0 F36000 X106.412 Y119.862
G1 F180 X125.425 Y100.849 E12.88737
G0 F36000 X120.729 Y99.889
G1 F180 X100.995 Y119.623 E13.37608
G0 F36000 X95.57 Y119.39
G1 F180 X115.258 Y99.703 E13.34456
G0 F36000 X109.332 Y99.971
G1 F180 X90.139 Y119.164 E13.00938
G0 F36000 X84.651 Y118.995
G1 F180 X103.407 Y100.24 E12.71283
G0 F36000 X97.482 Y100.508
G1 F180 X79.163 Y118.826 E12.41662
G0 F36000 X73.676 Y118.657
G1 F180 X91.556 Y100.777 E12.1194
G0 F36000 X85.679 Y100.997
G1 F180 X71.397 Y115.279 E9.68061
G0 F36000 X71.397 Y109.623
G1 F180 X79.818 Y101.202 E5.70791
G0 F36000 X74.035 Y101.328
G1 F180 X71.397 Y103.966 E1.78809
;MESH:NONMESH
G0 F600 Z16.2
G0 F36000 X120.49 Y125.351
G0 X120.637 Y126.816
;TIME_ELAPSED:1592.295938
;LAYER:6
;TYPE:WALL-INNER
;MESH:3DBenchy (6).stl
G1 F180 X122.233 Y126.652 E0.76898
G1 X124.119 Y126.345 E0.91584
G1 X124.791 Y126.214 E0.32815
G1 X125.469 Y126.068 E0.33241
G1 X126.843 Y125.731 E0.67806
G1 X128.202 Y125.345 E0.67712
G1 X128.807 Y125.154 E0.30408
G1 X130.183 Y124.676 E0.69816
G1 X131.479 Y124.173 E0.6663
G1 X132.725 Y123.632 E0.65106
G1 X133.993 Y123.029 E0.67296
G1 X135.233 Y122.381 E0.67058
G1 X136.411 Y121.706 E0.65073
G1 X137.104 Y121.284 E0.38889
G1 X138.154 Y120.594 E0.60219
G1 X138.724 Y120.203 E0.33129
G1 X139.262 Y119.819 E0.3168
G1 X139.802 Y119.415 E0.32323
G1 X140.334 Y119.001 E0.32309
G1 X141.416 Y118.118 E0.66936
G1 X141.921 Y117.68 E0.3204
G1 X142.919 Y116.765 E0.64894
G1 X143.404 Y116.294 E0.32403
G1 X143.883 Y115.812 E0.32569
G1 X144.63 Y115.033 E0.51729
G1 X145.659 Y113.856 E0.74931
G1 X146.289 Y113.095 E0.47351
G1 X146.957 Y112.219 E0.528
G1 X147.727 Y111.149 E0.63183
G1 X148.092 Y110.607 E0.31319
G1 X148.486 Y109.996 E0.34845
G1 X147.732 Y108.861 E0.65309
G1 X146.96 Y107.778 E0.63745
G1 X146.522 Y107.207 E0.34492
G1 X145.639 Y106.118 E0.67197
G1 X144.63 Y104.967 E0.73362
G1 X143.874 Y104.176 E0.52443
G1 X143.396 Y103.694 E0.32536
G1 X142.415 Y102.762 E0.64855
G1 X141.911 Y102.309 E0.3248
G1 X141.396 Y101.863 E0.32653
G1 X140.881 Y101.433 E0.32156
G1 X139.803 Y100.584 E0.65767
G1 X138.703 Y99.779 E0.65332
G1 X137.581 Y99.016 E0.65033
G1 X136.614 Y98.416 E0.54544
G1 X135.805 Y97.938 E0.45037
G1 X135.179 Y97.585 E0.34445
G1 X133.998 Y96.971 E0.63797
G1 X132.727 Y96.365 E0.67488
G1 X131.469 Y95.822 E0.65672
G1 X130.14 Y95.302 E0.684
G1 X129.505 Y95.076 E0.32305
G1 X128.87 Y94.864 E0.32086
G1 X127.729 Y94.51 E0.57259
G1 X126.837 Y94.266 E0.44323
G1 X125.465 Y93.928 E0.67725
G1 X124.105 Y93.653 E0.66503
G1 X122.735 Y93.424 E0.66574
G1 X121.54 Y93.27 E0.57749
G1 X120.652 Y93.181 E0.42774
G1 X119.213 Y93.086 E0.6912
G1 X117.778 Y93.045 E0.68806
G1 X116.339 Y93.059 E0.68973
G1 X98.301 Y93.837 E8.65348
G1 X85.132 Y94.294 E6.31557
G1 X70.189 Y94.631 E7.16386
G1 X68.199 Y94.636 E0.95379
G1 X64.912 Y94.678 E1.57556
G1 X64.912 Y125.351 E14.70127
G1 X68.245 Y125.36 E1.59748
G1 X77.422 Y125.478 E4.39881
G1 X85.165 Y125.707 E3.71277
G1 X105.244 Y126.434 E9.62997
G1 X116.353 Y126.937 E5.32989
G1 X117.785 Y126.955 E0.6864
G1 X119.206 Y126.913 E0.68137
G1 X119.909 Y126.865 E0.33773
G0 F144 X120.637 Y126.816
G0 F36000 X120.566 Y126.211
G0 X120.977 Y130.802
;TYPE:WALL-OUTER
G1 F180 X122.752 Y130.62 E0.8552
G1 X124.837 Y130.28 E1.01252
G1 X125.594 Y130.132 E0.36969
G1 X126.353 Y129.969 E0.37208
G1 X127.865 Y129.598 E0.74618
G1 X129.36 Y129.173 E0.74493
G1 X130.063 Y128.952 E0.3532
G1 X131.565 Y128.43 E0.76213
G1 X132.999 Y127.873 E0.73733
G1 X134.38 Y127.274 E0.72148
G1 X135.779 Y126.609 E0.74242
G1 X137.141 Y125.897 E0.73661
G1 X138.459 Y125.142 E0.72801
G1 X139.242 Y124.665 E0.43944
G1 X140.384 Y123.915 E0.65483
G1 X141.017 Y123.481 E0.36785
G1 X141.623 Y123.049 E0.3567
G1 X142.23 Y122.594 E0.36359
G1 X142.815 Y122.139 E0.35521
G1 X144.002 Y121.17 E0.73441
G1 X144.571 Y120.677 E0.36084
G1 X145.677 Y119.663 E0.71916
G1 X146.217 Y119.138 E0.36097
G1 X146.745 Y118.606 E0.35925
G1 X147.572 Y117.744 E0.57254
G1 X148.268 Y116.957 E0.50355
G1 X148.757 Y116.387 E0.35995
G1 X149.421 Y115.583 E0.49978
G1 X150.137 Y114.646 E0.5652
G1 X150.613 Y113.995 E0.38653
G1 X151.043 Y113.387 E0.35692
G1 X151.426 Y112.818 E0.32874
G1 X151.98 Y111.958 E0.49031
G1 X152.261 Y111.418 E0.29176
G1 X152.463 Y110.76 E0.3299
G1 X152.529 Y110.386 E0.18202
G1 X152.529 Y109.609 E0.37241
G1 X152.436 Y109.08 E0.25743
G1 X152.175 Y108.416 E0.34195
G1 X151.908 Y107.91 E0.27421
G1 X150.994 Y106.544 E0.78775
G1 X150.134 Y105.342 E0.70838
G1 X149.216 Y104.17 E0.71353
G1 X148.744 Y103.595 E0.35655
G1 X148.257 Y103.028 E0.35824
G1 X147.572 Y102.256 E0.49467
G1 X146.739 Y101.384 E0.57799
G1 X146.204 Y100.845 E0.36399
G1 X145.119 Y99.814 E0.71737
G1 X144.557 Y99.309 E0.36213
G1 X143.988 Y98.816 E0.36084
G1 X143.411 Y98.334 E0.36035
G1 X142.222 Y97.398 E0.72527
G1 X141.01 Y96.511 E0.71985
G1 X139.748 Y95.654 E0.73115
G1 X138.687 Y94.995 E0.59863
G1 X137.804 Y94.473 E0.49163
G1 X137.083 Y94.067 E0.39659
G1 X135.783 Y93.391 E0.70228
G1 X134.381 Y92.722 E0.74455
G1 X132.991 Y92.122 E0.72563
G1 X131.54 Y91.554 E0.74684
G1 X130.811 Y91.295 E0.3708
G1 X130.098 Y91.056 E0.36042
G1 X128.848 Y90.669 E0.62717
G1 X127.857 Y90.398 E0.49242
G1 X126.339 Y90.024 E0.74932
G1 X124.832 Y89.719 E0.73693
G1 X124.043 Y89.581 E0.3839
G1 X123.303 Y89.464 E0.35908
G1 X121.996 Y89.296 E0.63159
G1 X120.982 Y89.194 E0.48845
G1 X119.401 Y89.09 E0.7594
G1 X117.816 Y89.045 E0.75998
G1 X116.233 Y89.06 E0.75875
G1 X98.162 Y89.839 E8.6693
G1 X85.015 Y90.296 E6.30503
G1 X70.057 Y90.632 E7.17103
G1 X68.149 Y90.636 E0.91449
G1 X63.429 Y90.696 E2.26243
G1 X60.912 Y90.679 E1.2064
G1 X60.912 Y129.341 E18.53032
G1 X68.194 Y129.36 E3.4902
G1 X77.304 Y129.476 E4.36669
G1 X85.021 Y129.705 E3.70031
G1 X105.063 Y130.43 E9.61222
G1 X116.238 Y130.936 E5.36156
G1 X117.819 Y130.955 E0.75781
G1 X119.399 Y130.909 E0.7576
G1 X120.25 Y130.851 E0.40882
G0 F144 X120.977 Y130.802
G0 F36000 X122.469 Y130.649
G0 X121.967 Y126.064
G0 X120.33 Y123.026
;TYPE:SKIN
G1 F180 X119.024 Y123.113 E0.62734
G1 X117.742 Y123.151 E0.61472
G1 X116.446 Y123.136 E0.6212
G1 X105.411 Y122.634 E5.29444
G1 X84.831 Y121.894 E9.87017
G1 X77.391 Y121.676 E3.56745
G1 X68.712 Y121.565 E4.1601
G1 X68.712 Y98.435 E11.08598
G1 X70.061 Y98.432 E0.64656
G1 X84.583 Y98.105 E6.96202
G1 X84.827 Y98.108 E0.11696
G1 X98.426 Y97.635 E6.52181
G1 X116.453 Y96.856 E8.64823
G1 X117.728 Y96.845 E0.61112
G1 X119.038 Y96.883 E0.62813
G1 X120.321 Y96.966 E0.61621
G1 X121.117 Y97.047 E0.38349
G1 X122.2 Y97.187 E0.52339
G1 X123.413 Y97.388 E0.58931
G1 X124.614 Y97.633 E0.58748
G1 X125.871 Y97.94 E0.62018
G1 X126.653 Y98.156 E0.38884
G1 X127.7 Y98.481 E0.52544
G1 X128.825 Y98.87 E0.57053
G1 X130.008 Y99.331 E0.60853
G1 X131.173 Y99.834 E0.6082
G1 X132.298 Y100.37 E0.59727
G1 X133.379 Y100.935 E0.58461
G1 X133.897 Y101.226 E0.28477
G1 X134.644 Y101.668 E0.41601
G1 X135.516 Y102.208 E0.49159
G1 X136.527 Y102.892 E0.58504
G1 X137.489 Y103.597 E0.57164
G1 X138.474 Y104.374 E0.6013
G1 X139.338 Y105.105 E0.54244
G1 X139.831 Y105.547 E0.31735
G1 X140.735 Y106.406 E0.59769
G1 X141.847 Y107.555 E0.76638
G1 X142.756 Y108.596 E0.66239
G1 X143.526 Y109.547 E0.58648
G1 X143.866 Y109.994 E0.26918
G1 X143.319 Y110.717 E0.43453
G1 X142.81 Y111.334 E0.38336
G1 X141.845 Y112.443 E0.70459
G1 X141.192 Y113.126 E0.4529
G1 X140.786 Y113.536 E0.27655
G1 X140.248 Y114.055 E0.35829
G1 X139.454 Y114.785 E0.51695
G1 X138.968 Y115.208 E0.30881
G1 X137.472 Y116.41 E0.91979
G1 X137.036 Y116.737 E0.26121
G1 X136.023 Y117.447 E0.5929
G1 X135.07 Y118.069 E0.54544
G1 X134.46 Y118.442 E0.34269
G1 X133.416 Y119.04 E0.57665
G1 X132.279 Y119.633 E0.61462
G1 X131.168 Y120.162 E0.58977
G1 X130.016 Y120.661 E0.60172
G1 X128.299 Y121.329 E0.88303
G1 X128.288 Y121.321 E0.00652
G1 X127.086 Y121.709 E0.60538
G1 X125.887 Y122.05 E0.59746
G1 X124.63 Y122.36 E0.62052
G1 X123.443 Y122.6 E0.58043
G1 X121.707 Y122.884 E0.84311
G1 X120.33 Y123.026 E0.66348
G0 F36000 X139.884 Y111.6
G1 F180 X129.631 Y101.347 E6.94968
G1 X128.924 Y100.64
G0 F36000 X121.777 Y99.149
G1 F180 X136.917 Y114.29 E10.26252
G0 F36000 X133.596 Y116.625
G1 F180 X115.854 Y98.884 E12.02552
G0 F36000 X110.432 Y99.118
G1 F180 X129.862 Y118.549 E13.17036
G0 F36000 X125.685 Y120.028
G1 F180 X105.01 Y99.353 E14.0139
G0 F36000 X99.587 Y99.587
G1 F180 X120.951 Y120.951 E14.48092
G0 F36000 X115.431 Y121.088
G1 F180 X94.129 Y99.785 E14.43923
G0 F36000 X88.662 Y99.976
G1 F180 X109.504 Y120.818 E14.1271
G0 F36000 X103.597 Y120.567
G1 F180 X83.167 Y100.138 E13.8475
G0 F36000 X77.635 Y100.262
G1 F180 X97.729 Y120.356 E13.62009
G0 F36000 X91.86 Y120.145
G1 F180 X72.102 Y100.387 E13.39234
G0 F36000 X70.712 Y104.653
G1 F180 X85.993 Y119.934 E10.35775
G0 F36000 X80.158 Y119.756
G1 F180 X70.712 Y110.31 E6.40268
G0 F36000 X70.712 Y115.967
G1 F180 X74.383 Y119.638 E2.48827
;MESH:NONMESH
G0 F600 Z18.6
G0 F36000 X65.523 Y109.981
G0 X64.6 Y109.981
;TIME_ELAPSED:1920.929917
;LAYER:7
;TYPE:WALL-INNER
;MESH:3DBenchy (6).stl
G1 F189.4 X64.362 Y109.57 E0.21636
G1 X63.887 Y109.57 E0.21639
G1 X63.65 Y109.981 E0.21614
G1 X63.888 Y110.392 E0.21636
G1 X64.108 Y110.392 E0.10022
G0 F144 X64.363 Y110.392
G0 X64.6 Y109.981
G0 F36000 X63.01 Y127.17
G0 X117.719 Y128.874
G0 X128.811 Y125.466
G0 X128.988 Y126.047
G1 F180 X129.949 Y125.739 E0.48368
G1 X130.958 Y125.365 E0.51576
G1 X132.28 Y124.836 E0.68247
G1 X133.57 Y124.258 E0.67751
G1 X134.869 Y123.622 E0.69322
G1 X135.51 Y123.284 E0.34732
G1 X136.703 Y122.615 E0.65556
G1 X137.904 Y121.874 E0.67637
G1 X138.498 Y121.487 E0.33979
G1 X139.064 Y121.104 E0.32755
G1 X139.639 Y120.698 E0.33737
G1 X140.243 Y120.249 E0.36072
G1 X141.3 Y119.423 E0.64295
G1 X142.358 Y118.531 E0.66326
G1 X143.08 Y117.887 E0.4637
G1 X143.88 Y117.122 E0.53053
G1 X144.371 Y116.631 E0.33281
G1 X145.126 Y115.848 E0.52133
G1 X145.759 Y115.135 E0.45698
G1 X146.209 Y114.609 E0.33178
G1 X146.695 Y114.018 E0.36674
G1 X147.491 Y112.998 E0.62012
G1 X147.919 Y112.416 E0.34625
G1 X148.314 Y111.857 E0.32806
G1 X149.051 Y110.751 E0.63701
G1 X149.518 Y109.997 E0.42509
G1 X149.029 Y109.218 E0.44083
G1 X148.652 Y108.638 E0.33155
G1 X147.887 Y107.532 E0.64454
G1 X147.036 Y106.407 E0.67609
G1 X146.615 Y105.879 E0.32366
G1 X145.753 Y104.857 E0.6408
G1 X145.305 Y104.355 E0.32248
G1 X144.363 Y103.358 E0.65741
G1 X143.371 Y102.386 E0.66565
G1 X142.355 Y101.463 E0.6579
G1 X141.828 Y101.011 E0.33276
G1 X140.729 Y100.122 E0.6775
G1 X140.191 Y99.707 E0.32566
G1 X139.637 Y99.301 E0.3292
G1 X138.476 Y98.496 E0.67713
G1 X137.886 Y98.109 E0.33819
G1 X137.322 Y97.756 E0.3189
G1 X136.046 Y97.007 E0.70915
G1 X135.495 Y96.704 E0.30139
G1 X134.396 Y96.134 E0.59337
G1 X133.595 Y95.75 E0.42575
G1 X132.209 Y95.132 E0.72734
G1 X131.244 Y94.737 E0.49976
G1 X130.311 Y94.396 E0.47611
G1 X129.623 Y94.158 E0.34892
G1 X128.266 Y93.73 E0.68198
G1 X127.777 Y93.592 E0.24353
G1 X127.877 Y94.073 E0.23547
G1 X127.939 Y94.711 E0.30723
G1 X127.94 Y125.255 E14.63944
G1 X127.881 Y125.894 E0.30757
G1 X127.767 Y126.405 E0.25094
G1 X128.288 Y126.252 E0.26026
G0 F144 X128.988 Y126.047
G0 F36000 X128.811 Y125.466
G0 X121.031 Y130.028
G0 X121.171 Y131.508
;TYPE:WALL-OUTER
G1 F169.7 X122.7 Y131.352 E0.78139
G1 F169.3 X123.204 Y131.285 E0.25904
G1 F170.3 X124.161 Y131.184 E0.4874
G1 F173.4 X125.533 Y130.983 E0.68986
G1 F176.3 X126.34 Y130.847 E0.40048
G1 F178.4 X127.062 Y130.711 E0.3553
G1 F179.7 X127.902 Y130.51 E0.41459
G1 F180 X128.506 Y130.352 E0.29923
G1 X129.453 Y130.085 E0.47158
G1 X130.222 Y129.852 E0.38512
G1 X131.096 Y129.568 E0.44046
G1 X131.107 Y129.576 E0.00652
G1 X132.363 Y129.111 E0.64192
G1 X133.856 Y128.513 E0.77085
G1 X135.267 Y127.88 E0.74121
G1 X136.681 Y127.188 E0.75452
G1 X137.436 Y126.79 E0.40906
G1 X138.066 Y126.443 E0.34473
G1 X138.73 Y126.063 E0.36668
G1 X139.475 Y125.612 E0.4174
G1 X140.061 Y125.243 E0.33191
G1 X140.712 Y124.818 E0.37262
G1 X141.338 Y124.394 E0.36238
G1 X141.983 Y123.939 E0.37832
G1 X142.598 Y123.484 E0.36666
G1 X143.82 Y122.53 E0.74304
G1 X144.988 Y121.545 E0.7323
G1 X145.794 Y120.826 E0.51768
G1 X146.677 Y119.982 E0.58545
G1 X147.225 Y119.434 E0.37144
G1 X148.063 Y118.565 E0.57861
G1 X148.775 Y117.762 E0.51437
G1 X149.272 Y117.181 E0.36645
G1 X149.757 Y116.593 E0.36532
G1 X150.689 Y115.402 E0.72484
G1 X151.18 Y114.732 E0.39812
G1 X151.58 Y114.167 E0.33179
G1 X152.416 Y112.914 E0.72195
G1 X153.036 Y111.912 E0.56475
G1 X153.347 Y111.265 E0.34407
G1 X153.519 Y110.645 E0.30838
G1 X153.566 Y110.002 E0.30901
G1 X153.514 Y109.288 E0.34312
G1 X153.277 Y108.582 E0.35694
G1 X153.043 Y108.088 E0.26199
G1 X152.383 Y107.037 E0.59482
G1 X151.995 Y106.442 E0.34045
G1 X151.133 Y105.194 E0.72697
G1 X150.22 Y103.984 E0.72651
G1 X149.759 Y103.405 E0.35473
G1 X148.848 Y102.32 E0.67903
G1 X148.261 Y101.66 E0.42334
G1 X147.217 Y100.554 E0.72896
G1 X146.118 Y99.478 E0.73717
G1 X144.99 Y98.453 E0.73051
G1 X144.401 Y97.948 E0.37186
G1 X143.821 Y97.471 E0.35992
G1 X142.597 Y96.511 E0.74557
G1 X141.972 Y96.053 E0.37138
G1 X141.337 Y95.605 E0.37247
G1 X140.7 Y95.171 E0.36943
G1 X140.044 Y94.741 E0.37594
G1 X139.408 Y94.343 E0.3596
G1 X138.061 Y93.551 E0.74893
G1 X137.381 Y93.176 E0.37219
G1 X136.182 Y92.554 E0.64739
G1 X135.275 Y92.12 E0.48192
G1 X133.829 Y91.474 E0.75907
G1 X132.566 Y90.951 E0.65519
G1 X132.556 Y90.958 E0.00585
G1 X131.669 Y90.633 E0.45277
G1 X130.86 Y90.354 E0.41016
G1 X130.15 Y90.124 E0.35771
G1 X129.36 Y89.883 E0.39587
G1 X128.651 Y89.682 E0.35321
G1 X127.836 Y89.468 E0.40386
G1 F179.1 X127.064 Y89.3 E0.38047
G1 F177.1 X126.304 Y89.161 E0.37641
G1 F174.8 X125.522 Y89.031 E0.39135
G1 F172.5 X124.745 Y88.919 E0.39262
G1 F170.5 X122.393 Y88.609 E1.20071
G1 F169.7 X121.109 Y88.483 E0.65578
G1 F169.9 X120.036 Y88.408 E0.54608
G1 F170.2 X118.417 Y88.349 E0.82113
G1 F170.6 X116.808 Y88.357 E0.8136
G1 F170.5 X111.391 Y88.571 E2.74255
G1 F170.1 X105.975 Y88.785 E2.74984
G1 F169.6 X100.558 Y88.999 E2.75814
G1 F169.5 X91.852 Y89.329 E4.43355
G1 F169.3 X88.897 Y89.406 E1.50604
G1 F168.5 X85.942 Y89.482 E1.51382
G1 F167.9 X80.136 Y89.616 E2.98461
G1 F167.5 X74.331 Y89.751 E2.99037
G1 F167 X71.659 Y89.768 E1.38058
G1 F166.5 X68.009 Y89.815 E1.89127
G1 F166.1 X66.494 Y89.814 E0.78694
G1 F165.1 X65.834 Y89.825 E0.34485
G1 F162.5 X64.989 Y89.876 E0.44956
G1 F156.9 X64.101 Y89.978 E0.4916
G1 F148.8 X63.212 Y90.126 E0.52266
G1 F144.3 X60.718 Y90.12 E1.49061
G1 X60.718 Y92.62 E1.49419
G1 F148.8 X60.569 Y93.361 E0.43834
G1 F157.3 X60.454 Y94.103 E0.4117
G1 F164.5 X60.371 Y94.844 E0.39115
G1 F169.6 X60.321 Y95.586 E0.37827
G1 F172.3 X60.305 Y96.328 E0.37155
G1 F173 X60.305 Y104.6 E4.12526
G1 F172.3 X60.321 Y105.324 E0.36254
G1 F173.3 X60.281 Y106.906 E0.78768
G1 F176.6 X60.242 Y108.443 E0.75091
G1 F179.2 X60.224 Y109.212 E0.37033
G1 F180 X60.224 Y110.75 E0.73715
G1 F178.2 X60.263 Y112.288 E0.74476
G1 F174.8 X60.302 Y113.827 E0.75963
G1 F172.4 X60.322 Y114.596 E0.38492
G1 F172.3 X60.304 Y115.366 E0.38558
G1 F173 X60.305 Y123.67 E4.14022
G1 F172.3 X60.321 Y124.411 E0.37104
G1 F169.6 X60.371 Y125.153 E0.37827
G1 F164.5 X60.454 Y125.895 E0.39167
G1 F157.3 X60.57 Y126.637 E0.41179
G1 F148.8 X60.718 Y127.379 E0.43879
G1 F144.3 X60.719 Y129.878 E1.49389
G1 X61.294 Y129.87 E0.34377
G1 X63.207 Y129.874 E1.14358
G1 F148.4 X64.029 Y130.013 E0.48468
G1 F155.9 X64.849 Y130.114 E0.45707
G1 F161.5 X65.67 Y130.176 E0.4399
G1 F164.5 X66.492 Y130.199 E0.43118
G1 F166 X71.674 Y130.228 E2.6936
G1 F166.7 X76.207 Y130.293 E2.34559
G1 F167.3 X79.224 Y130.344 E1.55614
G1 F168.1 X82.242 Y130.396 E1.54943
G1 F168.5 X85.24 Y130.476 E1.53589
G1 F169 X91.883 Y130.671 E3.39234
G1 F169.7 X99.137 Y130.926 E3.69113
G1 F170.2 X105.353 Y131.157 E3.15275
G1 F170.7 X116.844 Y131.64 E5.81143
G1 F170.6 X118.413 Y131.648 E0.79357
G1 F170.2 X120.073 Y131.587 E0.84194
G1 F169.9 X120.444 Y131.56 E0.18885
G0 F144 X121.171 Y131.508
G0 F36000 X122.663 Y131.356
G0 X122.486 Y129.882
G0 X64.86 Y127.262
G0 X64.88 Y125.524
G1 F148.8 X64.731 Y125.153 E0.23186
G1 F157.3 X64.615 Y124.782 E0.21313
G1 F164.5 X64.533 Y124.411 E0.19932
G1 F170 X64.467 Y123.919 E0.25196
G1 F172.2 X64.464 Y115.03 E4.45426
G1 F172.6 X64.603 Y114.621 E0.21594
G1 F174 X64.778 Y114.304 E0.17954
G1 F175.7 X64.995 Y114.037 E0.16895
G1 F177.4 X65.235 Y113.826 E0.15538
G1 F179.1 X65.724 Y113.539 E0.27305
G1 F180 X66.091 Y113.416 E0.18552
G1 X67.027 Y113.246 E0.45595
G1 X67.754 Y112.92 E0.38187
G1 X68.28 Y112.567 E0.30362
G1 X68.687 Y112.183 E0.26819
G1 X69.071 Y111.662 E0.31021
G1 X69.367 Y111.018 E0.33971
G1 X69.499 Y110.471 E0.2697
G1 X69.528 Y109.803 E0.32047
G1 X69.444 Y109.252 E0.26714
G1 X69.238 Y108.648 E0.30587
G1 X68.863 Y108.027 E0.3477
G1 X68.501 Y107.622 E0.26035
G1 X68.168 Y107.344 E0.20791
G1 X67.614 Y107.003 E0.3118
G1 X67.011 Y106.762 E0.31124
G1 X65.963 Y106.517 E0.51584
G1 X65.726 Y106.424 E0.12202
G1 F179.2 X65.239 Y106.136 E0.2724
G1 F177.5 X64.999 Y105.925 E0.15531
G1 F175.8 X64.784 Y105.659 E0.16786
G1 F174.2 X64.608 Y105.342 E0.1796
G1 F172.8 X64.467 Y104.917 E0.22352
G1 F172.2 X64.467 Y96.076 E4.43021
G1 F169.8 X64.533 Y95.586 E0.25119
G1 F164.5 X64.615 Y95.215 E0.19932
G1 F157.3 X64.731 Y94.844 E0.21313
G1 F148.8 X64.88 Y94.474 E0.23132
G1 X65.324 Y94.326 E0.27142
G1 F156.9 X65.768 Y94.224 E0.25055
G1 F162.8 X66.247 Y94.159 E0.25613
G1 F165.9 X68.109 Y94.141 E0.96834
G1 F166.8 X75.486 Y94.035 E3.81544
G1 F167.4 X80.776 Y93.899 E2.72714
G1 F167.8 X86.067 Y93.763 E2.72068
G1 F168.5 X89.054 Y93.665 E1.53053
G1 F169.3 X92.043 Y93.567 E1.52367
G1 F169.5 X100.73 Y93.248 E4.42368
G1 X104.692 Y93.08 E2.01802
G1 F169.9 X108.655 Y92.913 E2.01375
G1 F170.3 X112.618 Y92.746 E2.009
G1 F170.7 X116.58 Y92.578 E2.00376
G1 F170.9 X117.428 Y92.565 E0.42813
G1 F170.7 X118.008 Y92.567 E0.29307
G1 F170.5 X119.211 Y92.603 E0.60915
G1 F170.1 X120.759 Y92.706 E0.78671
G1 F169.5 X122.552 Y92.898 E0.91808
G1 F170.2 X123.089 Y93.208 E0.31427
G1 F172.5 X123.342 Y93.438 E0.17101
G1 F176 X123.686 Y93.948 E0.30163
G1 F179.1 X123.875 Y94.444 E0.25561
G1 F180 X123.943 Y94.882 E0.21244
G1 X123.943 Y125.244 E14.55221
G1 X123.792 Y125.794 E0.27336
G1 F178.7 X123.53 Y126.294 E0.27258
G1 F175.4 X123.116 Y126.742 E0.30011
G1 F172.5 X122.861 Y126.914 E0.15384
G1 F170.3 X122.426 Y127.102 E0.24002
G1 F169.5 X121.365 Y127.233 E0.54428
G1 F170 X120.014 Y127.35 E0.68829
G1 F170.3 X118.754 Y127.413 E0.63913
G1 F170.6 X117.68 Y127.432 E0.54315
G1 F170.9 X116.277 Y127.407 E0.7082
G1 F170.9 X105.504 Y126.944 E5.44336
G1 F170.2 X99.288 Y126.688 E3.15325
G1 F169.7 X91.999 Y126.428 E3.70901
G1 F169 X85.356 Y126.204 E3.39281
G1 F168.5 X82.3 Y126.122 E1.56561
G1 F168.1 X79.287 Y126.052 E1.54705
G1 F167.3 X76.274 Y125.981 E1.55428
G1 F166.7 X71.691 Y125.906 E2.37153
G1 F166.2 X68.96 Y125.874 E1.41768
G1 F165.5 X66.229 Y125.842 E1.42357
G1 F162.2 X65.701 Y125.763 E0.28403
G1 F155.9 X65.578 Y125.733 E0.07004
G0 F144 X65.291 Y125.663
G0 X64.88 Y125.524
G0 F36000 X64.731 Y125.153
G0 X64.615 Y124.782
G0 X64.533 Y124.411
G0 X64.489 Y124.083
G0 X62.937 Y124.083
G0 X117.719 Y128.874
G0 X136.458 Y113.455
;TYPE:SKIN
G1 F192 X135.619 Y114.117 E0.48021
G1 X135.619 Y105.876 E3.70297
G1 X136.402 Y106.494 E0.44821
G1 X137.239 Y107.189 E0.48885
G1 X138.104 Y107.971 E0.52396
G1 X138.858 Y108.706 E0.47313
G1 X139.624 Y109.523 E0.50322
G1 X140.048 Y109.995 E0.28509
G1 X139.509 Y110.611 E0.36779
G1 X138.949 Y111.191 E0.36227
G1 X137.883 Y112.234 E0.67013
G1 X137.216 Y112.825 E0.40043
G1 X136.458 Y113.455 E0.44288
G0 F36000 X133.566 Y120.026
G1 F180 X131.744 Y120.908 E0.97021
G1 X131.745 Y99.087 E10.45859
G1 X132.644 Y99.507 E0.47559
G1 X133.669 Y100.038 E0.55328
G1 X134.212 Y100.335 E0.29664
G1 X135.293 Y100.972 E0.60138
G1 X135.772 Y101.27 E0.27038
G1 X136.909 Y102.025 E0.65416
G1 X137.919 Y102.754 E0.59701
G1 X138.839 Y103.479 E0.56141
G1 X139.808 Y104.283 E0.60348
G1 X140.748 Y105.136 E0.60838
G1 X141.637 Y106.007 E0.59651
G1 X142.453 Y106.87 E0.56925
G1 X142.877 Y107.34 E0.30339
G1 X143.681 Y108.297 E0.59907
G1 X144.426 Y109.249 E0.57939
G1 X144.979 Y109.988 E0.44239
G1 X144.499 Y110.646 E0.39037
G1 X143.735 Y111.627 E0.59595
G1 X142.883 Y112.647 E0.63699
G1 X142.338 Y113.262 E0.39385
G1 X141.666 Y113.96 E0.46439
G1 X141.214 Y114.409 E0.30536
G1 X140.515 Y115.082 E0.46507
G1 X139.864 Y115.658 E0.41662
G1 X138.901 Y116.468 E0.60312
G1 X137.939 Y117.225 E0.58671
G1 X136.895 Y117.983 E0.61836
G1 X135.928 Y118.622 E0.55552
G1 X134.917 Y119.252 E0.57094
G1 X133.566 Y120.026 E0.74626
G0 F36000 X133.231 Y119.389
G0 X125.476 Y114.336
G0 X117.009 Y114.336
G0 X107.788 Y114.334
G0 X107.788 Y116.734
;TYPE:WALL-INNER
G1 F168.9 X108.212 Y117.236 E0.33557
G1 X108.509 Y117.677 E0.27152
G1 X110.213 Y117.677 E0.87021
G1 X110.213 Y102.323 E7.84104
G1 X108.509 Y102.323 E0.87021
G1 X108.212 Y102.764 E0.27152
G1 X107.788 Y103.266 E0.33557
G1 X107.332 Y103.701 E0.32184
G1 X106.856 Y104.071 E0.30789
G1 X106.31 Y104.414 E0.32929
G1 X105.951 Y104.585 E0.20307
G1 X105.951 Y115.416 E5.53122
G1 X106.311 Y115.587 E0.20353
G1 X106.856 Y115.929 E0.32858
G1 X107.254 Y116.238 E0.25732
G0 F144 X107.332 Y116.299
G0 X107.788 Y116.734
G0 F36000 X107.788 Y114.334
G0 X105.279 Y120.499
;TYPE:WALL-OUTER
G1 F180 X105.328 Y120.944 E0.21457
G1 X105.328 Y121.808 E0.41411
G1 X114.344 Y121.808 E4.32128
G1 X114.344 Y98.192 E11.31892
G1 X105.328 Y98.192 E4.32128
G1 X105.328 Y99.056 E0.41411
G1 X105.279 Y99.501 E0.21457
G1 X105.171 Y99.834 E0.16779
G1 X104.922 Y100.266 E0.23899
G1 X104.635 Y100.572 E0.20108
G1 X104.301 Y100.804 E0.19491
G1 X103.769 Y101.008 E0.27309
G1 X103.38 Y101.056 E0.18786
G1 F182.6 X102.452 Y100.997 E0.43922
G1 F187.9 X101.575 Y100.946 E0.40336
G1 F192.8 X100.698 Y100.899 E0.39295
G1 F197.6 X99.82 Y100.856 E0.38382
G1 X100.669 Y101.019 E0.37747
G1 F192.8 X101.309 Y101.491 E0.3558
G1 F187.9 X101.67 Y102.066 E0.31174
G1 F182.7 X101.819 Y102.604 E0.26362
G1 F180 X101.82 Y116.551 E6.68466
G1 F180.7 X101.804 Y117.394 E0.4026
G1 F183.8 X101.66 Y117.929 E0.26004
G1 F188.7 X101.303 Y118.504 E0.30947
G1 F193.2 X100.666 Y118.976 E0.35396
G1 F196.8 X100.133 Y119.129 E0.24305
G1 F194.6 X101.574 Y119.06 E0.63959
G1 F188.7 X102.451 Y119.013 E0.40158
G1 F183.5 X103.382 Y118.953 E0.43865
G1 F180.4 X103.771 Y118.993 E0.18705
G1 F180 X104.302 Y119.196 E0.27247
G1 X104.635 Y119.428 E0.19452
G1 X104.922 Y119.734 E0.20108
G1 X104.982 Y119.838 E0.05755
G0 F144 X105.171 Y120.166
G0 X105.279 Y120.499
G0 F36000 X105.328 Y120.944
G0 X105.328 Y121.808
G0 X105.516 Y121.808
G0 X106.909 Y120.228
G0 X100.133 Y119.129
G1 F199 X99.82 Y119.142 E0.13581
G1 F199.8 X86.276 Y119.142 E5.84885
G1 F198.1 X85.802 Y119.111 E0.20689
G1 F194.8 X85.434 Y119.003 E0.16989
G1 F192.2 X85.124 Y118.83 E0.15939
G1 F191.1 X84.881 Y118.607 E0.14887
G1 F191.6 X84.682 Y118.326 E0.15505
G1 F193 X84.573 Y118.079 E0.12067
G1 F196 X84.476 Y117.661 E0.18885
G1 F198.3 X84.475 Y110.028 E3.32002
G1 F198.8 X84.474 Y102.395 E3.31179
G1 F196.4 X84.583 Y101.892 E0.22608
G1 F192.7 X84.779 Y101.518 E0.18907
G1 F191.3 X85.092 Y101.191 E0.20415
G1 F192.8 X85.577 Y100.943 E0.24372
G1 F196 X85.838 Y100.885 E0.1177
G1 F198.8 X86.276 Y100.858 E0.19045
G1 F200.1 X99.091 Y100.856 E5.52482
G0 F144 X99.82 Y100.856
;MESH:NONMESH
G0 F600 Z21
G0 F36000 X103.4 Y102.637
G0 X112.814 Y109.165
G0 X121.281 Y109.167
G0 X131.793 Y109.165
;TIME_ELAPSED:2190.042254
;LAYER:8
;TYPE:FILL
;MESH:3DBenchy (6).stl
G1 F180 X135.124 Y112.496 E2.25781
G0 F36000 X130.829 Y125.707
G0 X131.033 Y126.282
;TYPE:WALL-INNER
G1 F180 X131.723 Y126.018 E0.35409
G1 X133.047 Y125.475 E0.68588
G1 X134.412 Y124.849 E0.71975
G1 X135.652 Y124.227 E0.6649
G1 X136.938 Y123.511 E0.70546
G1 X137.588 Y123.129 E0.36136
G1 X138.975 Y122.249 E0.78729
G1 X139.947 Y121.568 E0.56883
G1 X140.492 Y121.173 E0.32261
G1 X141.039 Y120.757 E0.32938
G1 X142.235 Y119.797 E0.73505
G1 X142.695 Y119.407 E0.28905
G1 X143.77 Y118.441 E0.6927
G1 X144.766 Y117.475 E0.66502
G1 X145.733 Y116.46 E0.67192
G1 X146.216 Y115.924 E0.34582
G1 X146.664 Y115.409 E0.32716
G1 X147.549 Y114.325 E0.67071
G1 X147.995 Y113.742 E0.35182
G1 X148.454 Y113.121 E0.37012
G1 X148.82 Y112.605 E0.30321
G1 X149.204 Y112.042 E0.32663
G1 X149.579 Y111.47 E0.32782
G1 X150.475 Y110.002 E0.8243
G1 X149.716 Y108.739 E0.70624
G1 X148.778 Y107.326 E0.81288
G1 X148.408 Y106.809 E0.30471
G1 X147.539 Y105.657 E0.69162
G1 X147.113 Y105.126 E0.32628
G1 X146.668 Y104.593 E0.33279
G1 X145.736 Y103.538 E0.6747
G1 X145.252 Y103.024 E0.33838
G1 X144.758 Y102.517 E0.33928
G1 X144.26 Y102.025 E0.33553
G1 X143.755 Y101.545 E0.33393
G1 X142.687 Y100.584 E0.6886
G1 X142.161 Y100.137 E0.33084
G1 X141.56 Y99.647 E0.37166
G1 X141.049 Y99.245 E0.31162
G1 X140.488 Y98.822 E0.33675
G1 X139.867 Y98.372 E0.36757
G1 X138.733 Y97.594 E0.65913
G1 X138.124 Y97.2 E0.34765
G1 X136.901 Y96.463 E0.68438
G1 X136.259 Y96.102 E0.35301
G1 X135.009 Y95.442 E0.6775
G1 X134.15 Y95.025 E0.45766
G1 X133.028 Y94.517 E0.59032
G1 X132.361 Y94.238 E0.34653
G1 X131.288 Y93.807 E0.55422
G1 X130.353 Y93.474 E0.47571
G1 X129.684 Y93.249 E0.33829
G1 X129.792 Y94.031 E0.37836
G1 X129.792 Y125.975 E15.31045
G1 X129.687 Y126.749 E0.37437
G1 X130.344 Y126.521 E0.33332
G0 F144 X131.033 Y126.282
G0 F36000 X130.83 Y125.706
G0 X122.094 Y130.77
G0 X122.226 Y132.253
;TYPE:WALL-OUTER
G1 F169.9 X123.011 Y132.165 E0.40113
G1 X124.693 Y131.936 E0.86201
G1 F169.7 X125.438 Y131.802 E0.38493
G1 F170.7 X126.474 Y131.644 E0.52979
G1 F173.7 X127.779 Y131.388 E0.66066
G1 F177.5 X129.328 Y131.035 E0.77212
G1 F179.9 X130.171 Y130.79 E0.42097
G1 F180 X130.936 Y130.55 E0.38428
G1 X132.453 Y130.021 E0.77002
G1 X133.215 Y129.73 E0.39094
G1 X134.653 Y129.139 E0.74516
G1 X136.089 Y128.481 E0.75708
G1 X136.823 Y128.12 E0.39205
G1 X137.521 Y127.763 E0.37576
G1 X138.894 Y127.002 E0.75239
G1 X139.606 Y126.583 E0.39596
G1 X140.264 Y126.176 E0.37083
G1 X141.205 Y125.571 E0.53619
G1 X142.223 Y124.858 E0.59569
G1 X142.876 Y124.385 E0.38646
G1 X143.49 Y123.919 E0.36944
G1 X144.817 Y122.852 E0.81612
G1 X145.317 Y122.429 E0.3139
G1 X146.494 Y121.371 E0.75854
G1 X147.044 Y120.847 E0.3641
G1 X147.61 Y120.289 E0.38094
G1 X148.676 Y119.169 E0.74108
G1 X149.21 Y118.577 E0.38212
G1 X149.714 Y117.997 E0.36828
G1 X150.695 Y116.796 E0.74325
G1 X151.159 Y116.191 E0.36543
G1 X151.622 Y115.567 E0.37241
G1 X152.075 Y114.931 E0.37425
G1 X152.51 Y114.295 E0.36931
G1 X152.931 Y113.654 E0.36756
G1 X153.731 Y112.344 E0.73569
G1 X154.15 Y111.605 E0.40717
G1 X154.383 Y110.997 E0.31207
G1 X154.523 Y110.187 E0.39398
G1 X154.474 Y109.496 E0.33202
G1 X154.371 Y109.007 E0.23952
G1 X154.149 Y108.384 E0.31699
G1 X153.697 Y107.598 E0.43457
G1 X153.102 Y106.609 E0.55319
G1 X152.064 Y105.045 E0.89968
G1 X151.632 Y104.441 E0.35592
G1 X150.697 Y103.201 E0.74434
G1 X150.208 Y102.592 E0.37434
G1 X149.708 Y101.993 E0.37397
G1 X148.685 Y100.836 E0.74022
G1 X148.142 Y100.259 E0.37975
G1 X147.596 Y99.698 E0.37521
G1 X147.044 Y99.153 E0.37179
G1 X146.483 Y98.619 E0.37122
G1 X145.309 Y97.563 E0.75683
G1 X144.723 Y97.065 E0.36859
G1 X144.116 Y96.569 E0.37571
G1 X143.491 Y96.077 E0.38124
G1 X142.869 Y95.608 E0.37337
G1 X142.238 Y95.149 E0.37398
G1 X141.576 Y94.686 E0.38719
G1 X140.935 Y94.254 E0.37048
G1 X140.257 Y93.816 E0.38687
G1 X139.595 Y93.409 E0.37246
G1 X138.903 Y93 E0.38527
G1 X138.23 Y92.62 E0.37043
G1 X137.51 Y92.233 E0.39178
G1 X136.805 Y91.868 E0.3805
G1 X135.85 Y91.403 E0.5091
G1 X134.628 Y90.85 E0.64287
G1 X133.857 Y90.528 E0.40047
G1 X132.581 Y90.013 E0.65951
G1 X132.573 Y90.019 E0.00479
G1 X131.625 Y89.681 E0.48238
G1 X130.857 Y89.424 E0.38816
G1 X130.14 Y89.197 E0.36046
G1 F179.5 X129.329 Y88.972 E0.4046
G1 F177.7 X128.54 Y88.786 E0.39348
G1 F175.4 X127.759 Y88.621 E0.39273
G1 F172.3 X126.465 Y88.369 E0.65997
G1 F169.4 X125.662 Y88.254 E0.4131
G1 F169 X124.844 Y88.094 E0.42546
G1 F169.7 X123.797 Y87.933 E0.53843
G1 F169.9 X122.395 Y87.763 E0.71716
G1 F170.1 X121.391 Y87.668 E0.51163
G1 F170.2 X120.154 Y87.592 E0.6283
G1 F170.4 X118.44 Y87.543 E0.86807
G1 F170.6 X117.326 Y87.553 E0.56332
G1 F170.5 X111.224 Y87.78 E3.08908
G1 F170.2 X105.123 Y88.007 E3.09516
G1 F169.8 X99.021 Y88.234 E3.10225
G1 F169.3 X86.624 Y88.578 E6.32001
G1 F168.7 X84.51 Y88.612 E1.08099
G1 F168.2 X78.237 Y88.744 E3.21776
G1 F167.5 X74.701 Y88.768 E1.82107
G1 F166.7 X71.165 Y88.792 E1.82997
G1 F166.1 X65.852 Y88.795 E2.76037
G1 F165.2 X65.1 Y88.811 E0.39277
G1 F162.2 X64.219 Y88.868 E0.46968
G1 F156.3 X63.387 Y88.962 E0.46231
G1 F148.5 X62.556 Y89.095 E0.48907
G1 F144.3 X60.035 Y89.051 E1.50787
G1 X60.035 Y91.59 E1.51841
G1 F148.7 X59.886 Y92.333 E0.43966
G1 F157.3 X59.769 Y93.077 E0.41295
G1 F164.5 X59.686 Y93.82 E0.39201
G1 F169.7 X59.637 Y94.564 E0.37916
G1 F172.4 X59.62 Y95.308 E0.37247
G1 F173.1 X59.62 Y104.6 E4.63171
G1 F172.7 X59.629 Y105.144 E0.27179
G1 F178.4 X59.486 Y105.737 E0.29492
G1 F194.7 X59.293 Y106.692 E0.43172
G1 F210.2 X59.214 Y107.169 E0.19848
G1 F222.8 X59.098 Y108.086 E0.35795
G1 F234.7 X59.049 Y108.632 E0.20152
G1 F242 X59.006 Y109.413 E0.27883
G1 F246.4 X58.996 Y109.988 E0.20135
G1 F245.8 X59.013 Y110.813 E0.2896
G1 F239.9 X59.068 Y111.613 E0.28835
G1 F229.3 X59.152 Y112.383 E0.29143
G1 F219 X59.216 Y112.843 E0.18297
G1 F204.1 X59.391 Y113.813 E0.41667
G1 F188.3 X59.514 Y114.374 E0.26316
G1 F177.3 X59.628 Y114.855 E0.2406
G1 F172.7 X59.62 Y115.368 E0.25623
G1 F173.1 X59.62 Y124.688 E4.64566
G1 F172.4 X59.636 Y125.431 E0.37187
G1 F169.7 X59.686 Y126.175 E0.3792
G1 F164.5 X59.769 Y126.918 E0.3921
G1 F157.3 X59.886 Y127.662 E0.41295
G1 F148.7 X60.035 Y128.406 E0.44023
G1 F144.3 X60.035 Y130.945 E1.51841
G1 X62.555 Y130.902 E1.50727
G1 F148.4 X63.375 Y131.033 E0.48278
G1 F156.1 X64.194 Y131.126 E0.45551
G1 F161.9 X65.036 Y131.182 E0.44955
G1 F165.1 X65.849 Y131.201 E0.42504
G1 F166.3 X73.125 Y131.213 E3.77502
G1 F166.9 X77.914 Y131.28 E2.47575
G1 F167.5 X82.286 Y131.35 E2.25238
G1 F168.4 X86.657 Y131.42 E2.23982
G1 F168.7 X89.729 Y131.504 E1.57162
G1 F168.7 X92.895 Y131.6 E1.61947
G1 F169.1 X96.06 Y131.696 E1.61516
G1 F169.6 X99.226 Y131.791 E1.61148
G1 F170 X102.391 Y131.887 E1.60719
G1 F170.4 X105.557 Y131.983 E1.6039
G1 F170.7 X117.381 Y132.445 E5.98055
G1 F170.9 X117.98 Y132.453 E0.30248
G1 F170.6 X118.979 Y132.447 E0.50515
G1 F170.3 X120.641 Y132.381 E0.84265
G1 F170.1 X121.499 Y132.312 E0.43659
G0 F144 X122.226 Y132.253
G0 F36000 X123.011 Y132.165
G0 X123.714 Y132.07
G0 X123.527 Y130.599
G0 X64.192 Y128.298
G0 X64.195 Y126.547
G1 F148.7 X64.045 Y126.175 E0.23271
G1 F157.3 X63.929 Y125.803 E0.21366
G1 F164.5 X63.846 Y125.432 E0.19939
G1 F169.9 X63.78 Y124.938 E0.25303
G1 F172.5 X63.78 Y115.129 E4.90587
G1 F175.3 X63.903 Y114.849 E0.15054
G1 F181.2 X64.15 Y114.434 E0.22991
G1 F186.2 X64.327 Y114.218 E0.12936
G1 F190 X64.708 Y113.894 E0.22707
G1 F194.1 X65.091 Y113.699 E0.19106
G1 F197.3 X65.467 Y113.6 E0.17
G1 F195 X64.792 Y113.635 E0.29909
G1 F189.9 X63.884 Y113.497 E0.4173
G1 F185.1 X63.583 Y113.407 E0.14644
G1 F177 X62.94 Y113.164 E0.33506
G1 F177.3 X62.826 Y112.923 E0.12976
G1 F188.3 X62.497 Y112.453 E0.26287
G1 F204.1 X62.322 Y111.968 E0.21796
G1 F219 X62.137 Y111.542 E0.18298
G1 F231.7 X61.96 Y110.751 E0.30186
G1 F242.1 X61.9 Y109.975 E0.27735
G1 F241 X61.975 Y109.152 E0.29578
G1 F234.7 X62.117 Y108.623 E0.20135
G1 F222.8 X62.234 Y108.164 E0.18344
G1 F210.2 X62.455 Y107.734 E0.19847
G1 F194.7 X62.648 Y107.256 E0.22842
G1 F179.6 X62.955 Y106.861 E0.24032
G1 F176.4 X62.989 Y106.792 E0.03762
G1 F180.5 X64.045 Y106.448 E0.53098
G1 F187.3 X64.752 Y106.362 E0.32813
G1 F194.7 X65.445 Y106.378 E0.30715
G1 F196 X65.102 Y106.287 E0.15622
G1 F193.4 X64.8 Y106.143 E0.14921
G1 F190.7 X64.502 Y105.932 E0.16521
G1 F187 X64.193 Y105.607 E0.20693
G1 F182.6 X64 Y105.317 E0.16454
G1 F176.6 X63.78 Y104.853 E0.25092
G1 F172.5 X63.78 Y95.055 E4.90154
G1 F169.9 X63.846 Y94.564 E0.25152
G1 F164.5 X63.929 Y94.192 E0.19985
G1 F157.3 X64.045 Y93.82 E0.21366
G1 F148.7 X64.195 Y93.449 E0.23217
G1 F148.5 X64.612 Y93.311 E0.25526
G1 F156.3 X65.028 Y93.214 E0.23585
G1 F162.5 X65.594 Y93.138 E0.30314
G1 F165.7 X70.796 Y93.126 E2.7077
G1 F166.6 X74.58 Y93.078 E1.95979
G1 F167.5 X78.365 Y93.03 E1.94988
G1 F168.1 X82.564 Y92.934 E2.15499
G1 F168.7 X86.763 Y92.837 E2.14795
G1 F168.9 X90.807 Y92.735 E2.06683
G1 F168.9 X97.502 Y92.537 E3.42052
G1 F169.4 X99.203 Y92.474 E0.86682
G1 F169.8 X103.572 Y92.301 E2.2214
G1 F170.2 X107.942 Y92.129 E2.21717
G1 F170.5 X112.311 Y91.956 E2.21197
G1 F170.9 X116.681 Y91.784 E2.20774
G1 F170.9 X118.02 Y91.76 E0.67589
G1 F170.7 X119.392 Y91.785 E0.69354
G1 F170.5 X120.694 Y91.858 E0.66002
G1 F170.2 X122 Y91.978 E0.66489
G1 F170 X123.38 Y92.158 E0.70638
G1 F169.4 X124.478 Y92.332 E0.56613
G1 F169.8 X124.88 Y92.564 E0.23581
G1 F172.3 X125.29 Y92.947 E0.28088
G1 F175.4 X125.472 Y93.217 E0.1602
G1 F178.2 X125.692 Y93.745 E0.2769
G1 F180 X125.787 Y94.222 E0.23311
G1 X125.787 Y125.794 E15.13215
G1 X125.695 Y126.264 E0.22954
G1 F178.7 X125.457 Y126.809 E0.28717
G1 F176.3 X125.281 Y127.062 E0.15078
G1 F173.7 X124.873 Y127.439 E0.27597
G1 F170.9 X124.365 Y127.709 E0.29048
G1 F169.9 X122.024 Y128.017 E1.19902
G1 F170.1 X120.65 Y128.142 E0.69962
G1 F170.4 X119.314 Y128.214 E0.67733
G1 F170.7 X117.916 Y128.239 E0.70668
G1 F171 X116.62 Y128.213 E0.6539
G1 F170.8 X108.088 Y127.851 E4.31298
G1 F170.5 X105.671 Y127.764 E1.22382
G1 F170.4 X102.505 Y127.658 E1.60407
G1 F170 X99.339 Y127.552 E1.60786
G1 F169.6 X96.172 Y127.447 E1.61215
G1 F169.1 X93.006 Y127.341 E1.61583
G1 F168.7 X89.84 Y127.235 E1.61963
G1 F168.7 X86.749 Y127.157 E1.58125
G1 F168.4 X82.365 Y127.064 E2.2467
G1 F167.5 X77.981 Y126.971 E2.25878
G1 F166.8 X72.651 Y126.886 E2.75742
G1 F166.3 X69.135 Y126.865 E1.82424
G1 F165.6 X65.571 Y126.858 E1.85723
G1 F162.3 X65.016 Y126.78 E0.2979
G1 F156.1 X64.894 Y126.751 E0.0693
G0 F144 X64.606 Y126.683
G0 X64.195 Y126.547
G0 F36000 X64.045 Y126.175
G0 X63.929 Y125.803
G0 X63.846 Y125.432
G0 X63.803 Y125.106
G0 X62.251 Y125.106
G0 X62.266 Y114.539
G0 X65.467 Y113.6
G1 F199 X66.262 Y113.471 E0.34915
G1 F198.5 X67.033 Y113.146 E0.36373
G1 F197.1 X67.536 Y112.846 E0.25635
G1 F196.1 X68.16 Y112.242 E0.3821
G1 F195 X68.416 Y111.887 E0.19362
G1 F193.6 X68.72 Y111.292 E0.29775
G1 F193.2 X68.872 Y110.826 E0.21884
G1 F193.1 X68.966 Y110.285 E0.24528
G1 F192.5 X68.974 Y109.91 E0.16813
G1 F192.4 X68.892 Y109.252 E0.29731
G1 F192.9 X68.777 Y108.832 E0.19478
G1 F193.8 X68.544 Y108.317 E0.25169
G1 F195.3 X68.083 Y107.644 E0.36039
G1 F196.8 X67.582 Y107.198 E0.29408
G1 F198 X67.013 Y106.834 E0.29437
G1 F199.2 X66.383 Y106.573 E0.2953
G1 F199.5 X66.16 Y106.523 E0.09883
G0 F144 X65.745 Y106.429
G0 X65.445 Y106.378
G0 F36000 X62.262 Y105.452
G0 X62.324 Y91.771
G0 X117.995 Y90.317
G0 X127.332 Y91.36
G0 X140.063 Y109.997
;TYPE:SKIN
G1 F152.8 X139.886 Y109.554 E0.26935
G1 F159.6 X139.747 Y109.287 E0.16274
G1 F165.2 X139.221 Y108.562 E0.46773
G1 F168.6 X138.165 Y107.556 E0.74622
G1 F168.5 X137.155 Y106.66 E0.69144
G1 X136.257 Y105.926 E0.59396
G1 F168.6 X135.758 Y105.536 E0.32411
G1 F168.8 X134.877 Y104.886 E0.55964
G1 F168.9 X133.724 Y104.093 E0.71497
G1 X133.724 Y99.211 E2.49433
G1 X134.39 Y99.561 E0.3844
G1 X134.882 Y99.841 E0.28923
G1 X135.982 Y100.502 E0.65568
G1 X136.55 Y100.864 E0.34413
G1 F168.8 X137.595 Y101.585 E0.64897
G1 F168.5 X138.645 Y102.367 E0.67016
G1 F168.4 X139.63 Y103.155 E0.6463
G1 F168.3 X140.065 Y103.523 E0.29207
G1 F168.4 X141.046 Y104.402 E0.67488
G1 F168.5 X141.501 Y104.833 E0.32081
G1 F168.7 X142.409 Y105.74 E0.65633
G1 F168.2 X142.846 Y106.227 E0.33556
G1 F164.7 X143.557 Y107.149 E0.6098
G1 F159.6 X143.911 Y107.673 E0.34188
G1 F154.5 X144.212 Y108.175 E0.32683
G1 F150.2 X144.423 Y108.54 E0.24223
G1 F148.5 X144.985 Y109.286 E0.54245
G1 X145.488 Y109.988 E0.50156
G1 X144.914 Y110.81 E0.58228
G1 X144.415 Y111.464 E0.47777
G1 F149.8 X144.258 Y111.737 E0.18136
G1 F153.8 X143.952 Y112.256 E0.33786
G1 F158.9 X143.613 Y112.767 E0.33285
G1 F162.8 X143.234 Y113.26 E0.32949
G1 F166 X142.856 Y113.752 E0.32243
G1 F167.9 X142.115 Y114.565 E0.56519
G1 F168.3 X141.081 Y115.562 E0.73611
G1 F168.4 X140.127 Y116.417 E0.65637
G1 F168.3 X139.741 Y116.744 E0.25932
G1 F168.5 X138.642 Y117.628 E0.7223
G1 F168.6 X137.644 Y118.372 E0.6369
G1 F168.7 X136.804 Y118.967 E0.52643
G1 F168.8 X135.554 Y119.761 E0.75696
G1 X134.983 Y120.093 E0.33763
G1 X133.725 Y120.789 E0.7349
G1 X133.725 Y115.908 E2.49499
G1 X134.716 Y115.223 E0.6158
G1 X135.726 Y114.482 E0.64032
G1 F168.7 X136.261 Y114.066 E0.34666
G1 F168.5 X137.07 Y113.404 E0.53534
G1 X138.001 Y112.591 E0.63299
G1 F168.9 X139.181 Y111.466 E0.83298
G1 F168.4 X139.444 Y111.163 E0.20557
G1 F164.4 X139.769 Y110.668 E0.31078
G1 F158.9 X139.9 Y110.408 E0.15803
G1 F152.5 X140.063 Y109.997 E0.25011
G0 F36000 X127.322 Y114.588
G0 X116.925 Y114.588
G0 X107.608 Y114.588
G0 X107.607 Y116.917
;TYPE:WALL-INNER
G1 F170.6 X107.977 Y117.331 E0.28076
G1 X108.304 Y117.782 E0.28168
G1 X110.15 Y117.782 E0.93343
G1 X110.15 Y102.218 E7.86996
G1 X108.304 Y102.218 E0.93343
G1 X107.977 Y102.669 E0.28168
G1 X107.607 Y103.083 E0.28076
G1 X107.215 Y103.449 E0.27118
G1 X106.809 Y103.767 E0.26077
G1 X106.281 Y104.107 E0.31755
G1 X105.93 Y104.279 E0.19765
G1 X105.93 Y115.721 E5.78566
G1 X106.282 Y115.894 E0.19832
G1 X106.809 Y116.233 E0.31685
G1 X107.063 Y116.432 E0.16316
G0 F144 X107.215 Y116.551
G0 X107.607 Y116.917
G0 F36000 X107.608 Y114.588
G0 X105.186 Y120.716
;TYPE:WALL-OUTER
G1 F180 X105.244 Y121.196 E0.23173
G1 X105.244 Y121.892 E0.33359
G1 X114.26 Y121.892 E4.32128
G1 X114.26 Y98.108 E11.39944
G1 X105.244 Y98.108 E4.32128
G1 X105.244 Y98.804 E0.33359
G1 X105.186 Y99.283 E0.23126
G1 X105.065 Y99.632 E0.17704
G1 X104.794 Y100.069 E0.24645
G1 X104.544 Y100.325 E0.1715
G1 X104.238 Y100.54 E0.17924
G1 X103.722 Y100.747 E0.26647
G1 X103.345 Y100.802 E0.18261
G1 F182.8 X102.389 Y100.741 E0.45202
G1 F188.2 X101.533 Y100.692 E0.39307
G1 F193 X100.677 Y100.646 E0.38313
G1 F197.7 X99.82 Y100.604 E0.37444
G1 X100.65 Y100.759 E0.36847
G1 F193 X101.285 Y101.212 E0.34862
G1 F188.2 X101.653 Y101.772 E0.3072
G1 F183 X101.82 Y102.331 E0.27508
G1 F180.1 X101.82 Y116.824 E6.94114
G1 F180.5 X101.81 Y117.647 E0.3935
G1 F183.8 X101.643 Y118.222 E0.2811
G1 F189 X101.28 Y118.781 E0.30428
G1 F193.3 X100.648 Y119.235 E0.34723
G1 F196.9 X100.133 Y119.381 E0.23456
G1 F194.7 X101.533 Y119.313 E0.62108
G1 F189 X102.389 Y119.269 E0.3913
G1 F183.7 X103.347 Y119.207 E0.45092
G1 F180.4 X103.724 Y119.254 E0.18173
G1 F180 X104.015 Y119.35 E0.14687
G1 X104.411 Y119.571 E0.21736
G1 X104.672 Y119.795 E0.16485
G1 X104.882 Y120.058 E0.16131
G0 F144 X104.928 Y120.115
G0 X105.065 Y120.367
G0 X105.186 Y120.716
G0 F36000 X105.244 Y121.196
G0 X105.244 Y121.892
G0 X105.565 Y121.892
G0 X106.825 Y120.312
G0 X100.133 Y119.381
G1 F199.1 X99.82 Y119.393 E0.13575
G1 F200.1 X86.024 Y119.39 E5.94941
G1 F198.5 X85.556 Y119.36 E0.20381
G1 F195.5 X85.304 Y119.3 E0.11432
G1 F192.9 X84.93 Y119.12 E0.18566
G1 F191.2 X84.658 Y118.893 E0.15983
G1 F191.4 X84.444 Y118.604 E0.1621
G1 F193.5 X84.289 Y118.217 E0.18582
G1 F197.6 X84.224 Y117.592 E0.27437
G1 F199.9 X84.222 Y102.404 E6.55515
G1 F197.7 X84.275 Y101.833 E0.25025
G1 F194.2 X84.364 Y101.55 E0.13177
G1 F192.1 X84.557 Y101.225 E0.1698
G1 F191.2 X84.818 Y100.956 E0.16913
G1 F192.9 X85.356 Y100.681 E0.27019
G1 F197.5 X86.024 Y100.606 E0.29366
G1 F200.1 X99.091 Y100.604 E5.63347
G0 F144 X99.82 Y100.604
;MESH:NONMESH
G0 F600 Z23.4
G0 F36000 X103.4 Y102.385
G0 X103.35 Y114.539
G0 X62.351 Y114.541
G0 X65.708 Y113.406
;TIME_ELAPSED:2464.722517
;LAYER:9
;TYPE:WALL-OUTER
;MESH:3DBenchy (6).stl
G1 F198.8 X65.082 Y113.565 E0.28023
G1 F199.7 X64.279 Y113.588 E0.3471
G1 F199.9 X63.718 Y113.504 E0.24476
G1 F199.3 X63.242 Y113.362 E0.21498
G1 F198.4 X62.627 Y113.078 E0.29456
G1 F197.4 X62.08 Y112.699 E0.29089
G1 F196.2 X61.768 Y112.396 E0.1912
G1 F195 X61.42 Y111.964 E0.24541
G1 F193.6 X61.095 Y111.384 E0.29627
G1 F193 X60.942 Y110.946 E0.20741
G1 F192.7 X60.825 Y110.302 E0.29301
G1 F192.3 X60.811 Y109.955 E0.1558
G1 F192.6 X60.878 Y109.325 E0.28377
G1 F192.9 X61.043 Y108.755 E0.26536
G1 F193.4 X61.192 Y108.415 E0.16555
G1 F194.3 X61.56 Y107.848 E0.30017
G1 F195.5 X62.071 Y107.307 E0.32832
G1 F197.2 X62.464 Y107.016 E0.21399
G1 F198.2 X63.11 Y106.683 E0.31638
G1 F199 X63.46 Y106.556 E0.16141
G1 F199.4 X64.023 Y106.445 E0.24822
G1 F199.8 X64.728 Y106.408 E0.30487
G1 F199.9 X65.381 Y106.493 E0.28413
G1 F199.5 X66.197 Y106.752 E0.37022
G1 F198.2 X66.886 Y107.191 E0.35554
G1 F196.5 X67.378 Y107.643 E0.2934
G1 F195 X67.802 Y108.218 E0.31614
G1 F193.5 X68.056 Y108.73 E0.25483
G1 F192.5 X68.191 Y109.194 E0.21656
G1 X68.291 Y109.853 E0.2987
G1 F192.8 X68.226 Y110.678 E0.37036
G1 F192.9 X67.996 Y111.391 E0.33502
G1 F194.1 X67.735 Y111.901 E0.25461
G1 F195.7 X67.258 Y112.478 E0.33002
G1 F196.3 X66.734 Y112.906 E0.29736
G1 F197.4 X66.383 Y113.13 E0.18196
G0 F144 X66.349 Y113.152
G0 X65.708 Y113.406
G0 F36000 X103.35 Y113.406
G0 X107.262 Y116.946
;TYPE:WALL-INNER
G1 F172.3 X107.735 Y117.43 E0.33879
G1 X108.092 Y117.887 E0.29031
G1 X110.087 Y117.887 E0.99873
G1 X110.087 Y102.113 E7.89676
G1 X108.092 Y102.113 E0.99873
G1 X107.735 Y102.57 E0.29031
G1 X107.262 Y103.053 E0.33843
G1 X106.763 Y103.461 E0.32268
G1 X106.251 Y103.799 E0.30713
G1 X105.909 Y103.973 E0.1921
G1 X105.909 Y116.027 E6.03446
G1 X106.253 Y116.202 E0.19322
G1 X106.692 Y116.492 E0.26339
G0 F144 X106.763 Y116.539
G0 X107.262 Y116.946
G0 F36000 X107.263 Y114.839
G0 X105.093 Y120.932
;TYPE:WALL-OUTER
G1 F180 X105.16 Y121.448 E0.24939
G1 X105.16 Y121.976 E0.25307
G1 X114.176 Y121.976 E4.32128
G1 X114.176 Y98.024 E11.47996
G1 X105.16 Y98.024 E4.32128
G1 X105.16 Y98.552 E0.25307
G1 X105.093 Y99.068 E0.24939
G1 X104.956 Y99.433 E0.18686
G1 X104.806 Y99.69 E0.14262
G1 X104.508 Y100.031 E0.21705
G1 X104.176 Y100.276 E0.19776
G1 X103.676 Y100.485 E0.25974
G1 X103.31 Y100.547 E0.17792
G1 F183 X102.326 Y100.485 E0.46476
G1 F188.5 X101.491 Y100.437 E0.38283
G1 F193.2 X100.656 Y100.393 E0.37341
G1 F197.7 X99.82 Y100.352 E0.36526
G1 X100.632 Y100.499 E0.36011
G1 F193.2 X101.26 Y100.934 E0.34116
G1 F188.5 X101.634 Y101.479 E0.30255
G1 F183.3 X101.82 Y102.056 E0.28533
G1 F180.3 X101.82 Y117.096 E7.19771
G1 F180.6 X101.811 Y117.924 E0.39559
G1 F184 X101.624 Y118.515 E0.29057
G1 F189.2 X101.254 Y119.06 E0.30041
G1 F193.5 X100.629 Y119.497 E0.33993
G1 F196.9 X100.133 Y119.633 E0.2253
G1 F194.8 X101.49 Y119.569 E0.60163
G1 F189.2 X102.325 Y119.524 E0.38135
G1 F183.8 X103.312 Y119.461 E0.46419
G1 F180.4 X103.678 Y119.515 E0.17696
G1 F180 X104.176 Y119.725 E0.25904
G1 X104.508 Y119.969 E0.19748
G1 X104.779 Y120.279 E0.19735
G0 F144 X104.806 Y120.31
G0 X104.956 Y120.567
G0 X105.093 Y120.932
G0 F36000 X105.16 Y121.448
G0 X105.16 Y121.976
G0 X105.612 Y121.976
G0 X106.741 Y120.396
G0 X100.133 Y119.633
G1 F199 X99.82 Y119.646 E0.13581
G1 F199.9 X85.772 Y119.644 E6.06313
G1 F198.5 X85.333 Y119.617 E0.19115
G1 F195.6 X85.056 Y119.554 E0.1253
G1 F192.6 X84.619 Y119.334 E0.21914
G1 F190.9 X84.321 Y119.052 E0.18543
G1 F191.4 X84.178 Y118.827 E0.12014
G1 F193.5 X84.049 Y118.51 E0.15255
G1 F196.8 X83.972 Y118.135 E0.16784
G1 F198.9 X83.971 Y110.143 E3.46563
G1 F199.5 X83.97 Y102.151 E3.45606
G1 F197.7 X84.022 Y101.585 E0.24804
G1 F194.6 X84.093 Y101.352 E0.10799
G1 F192.3 X84.345 Y100.922 E0.22359
G1 F191.2 X84.593 Y100.685 E0.1548
G1 F192.1 X84.906 Y100.499 E0.16351
G1 F194.2 X85.212 Y100.398 E0.14313
G1 F197.9 X85.772 Y100.354 E0.24493
G1 F200.1 X99.091 Y100.352 E5.74211
G0 F144 X99.82 Y100.352
G0 F36000 X103.4 Y102.133
G0 X112.652 Y99.548
G0 X124.973 Y99.55
G0 X133.638 Y97.675
;TYPE:FILL
G1 F180 X134.733 Y96.58 E0.74221
G0 F36000 X138.293 Y98.677
G1 F180 X133.638 Y103.332 E3.15525
G0 F36000 X137.934 Y104.693
G1 F180 X133.638 Y108.989 E2.91191
G0 F36000 X133.638 Y114.646
G1 F180 X139.54 Y108.744 E4.00049
G0 F36000 X138.408 Y104.218
G1 F180 X141.52 Y101.107 E2.10903
G0 F36000 X138.765 Y115.176
G1 F180 X133.638 Y120.303 E3.47518
G0 F36000 X138.266 Y121.331
G1 F180 X141.9 Y117.697 E2.46319
G0 F36000 X132.198 Y126.119
G0 X132.382 Y126.683
;TYPE:WALL-INNER
G1 F180 X133.786 Y126.089 E0.73067
G1 X134.421 Y125.798 E0.33479
G1 X135.095 Y125.473 E0.35864
G1 X135.757 Y125.139 E0.35539
G1 X136.392 Y124.802 E0.34455
G1 X137.059 Y124.431 E0.36581
G1 X137.692 Y124.065 E0.35045
G1 X138.315 Y123.688 E0.34901
G1 X138.889 Y123.323 E0.32602
G1 X140.109 Y122.502 E0.70481
G1 X140.696 Y122.081 E0.34622
G1 X141.832 Y121.221 E0.6829
G1 X142.406 Y120.758 E0.35346
G1 X142.999 Y120.257 E0.37208
G1 X144.045 Y119.327 E0.67084
G1 X145.088 Y118.325 E0.69321
G1 X145.628 Y117.773 E0.37011
G1 X146.255 Y117.113 E0.43632
G1 X147.205 Y116.029 E0.69084
G1 X147.942 Y115.125 E0.55902
G1 X148.374 Y114.569 E0.33747
G1 X148.835 Y113.951 E0.36953
G1 X149.25 Y113.373 E0.34104
G1 X149.61 Y112.851 E0.30392
G1 X150.398 Y111.625 E0.69852
G1 X150.765 Y111.022 E0.33833
G1 X151.34 Y110.005 E0.55995
G1 X151.09 Y109.54 E0.25304
G1 X150.349 Y108.287 E0.69771
G1 X149.973 Y107.698 E0.33492
G1 X149.561 Y107.076 E0.35759
G1 X148.783 Y105.976 E0.64576
G1 X148.362 Y105.412 E0.33733
G1 X147.935 Y104.863 E0.33335
G1 X147.018 Y103.752 E0.69045
G1 X146.554 Y103.223 E0.33726
G1 X145.572 Y102.165 E0.69185
G1 X144.561 Y101.155 E0.68494
G1 X143.448 Y100.131 E0.72488
G1 X142.961 Y99.706 E0.3098
G1 X142.353 Y99.197 E0.38005
G1 X141.803 Y98.757 E0.33759
G1 X140.681 Y97.903 E0.67582
G1 X140.096 Y97.486 E0.34433
G1 X139.51 Y97.083 E0.34087
G1 X138.887 Y96.673 E0.35746
G1 X138.243 Y96.267 E0.36488
G1 X137.609 Y95.884 E0.35501
G1 X136.988 Y95.525 E0.3438
G1 X136.367 Y95.181 E0.34025
G1 X135.703 Y94.83 E0.35998
G1 X134.407 Y94.191 E0.69256
G1 X133.752 Y93.892 E0.3451
G1 X132.341 Y93.304 E0.73265
G1 X131.584 Y93.01 E0.38923
G1 X131.637 Y93.79 E0.37471
G1 X131.636 Y126.17 E15.51942
G1 X131.554 Y127.004 E0.40166
G1 X131.702 Y126.947 E0.07601
G0 F144 X132.382 Y126.683
G0 F36000 X132.248 Y126.119
G0 X126.517 Y128.1
;TYPE:WALL-OUTER
G1 F168.8 X126.079 Y128.218 E0.23187
G1 F169.8 X124.937 Y128.444 E0.59144
G1 F169.9 X123.524 Y128.672 E0.72681
G1 F170.1 X122.582 Y128.795 E0.48196
G1 F170.3 X121.211 Y128.925 E0.69768
G1 F170.5 X119.939 Y129.006 E0.6451
G1 F170.7 X118.552 Y129.039 E0.7012
G1 F171 X117.13 Y129.018 E0.71741
G1 X105.291 Y128.584 E5.97623
G1 F170.4 X101.254 Y128.446 E2.04541
G1 F169.7 X96.039 Y128.295 E2.65183
G1 F169.3 X90.824 Y128.144 E2.65808
G1 F168.9 X85.2 Y128.022 E2.87276
G1 F168.8 X85.221 Y130.198 E1.11234
G1 X85.215 Y132.304 E1.07651
G1 F169 X90.072 Y132.384 E2.48015
G1 F169.4 X95.604 Y132.533 E2.81883
G1 F169.7 X101.136 Y132.681 E2.81285
G1 F170.4 X105.179 Y132.797 E2.0481
G1 F170.8 X117.83 Y133.245 E6.39342
G1 F170.9 X118.631 Y133.253 E0.40447
G1 F170.7 X119.452 Y133.241 E0.41499
G1 F170.5 X120.292 Y133.214 E0.42517
G1 F170.5 X121.098 Y133.169 E0.40858
G1 F170.3 X121.943 Y133.106 E0.42927
G1 F170.1 X122.749 Y133.032 E0.41043
G1 F170 X123.831 Y132.907 E0.55284
G1 F169.8 X125.205 Y132.699 E0.70601
G1 F169.7 X126.385 Y132.488 E0.60958
G1 X126.964 Y132.366 E0.3009
G1 F168.8 X127.936 Y132.132 E0.51105
G1 F170.1 X129.486 Y131.792 E0.80468
G1 F174.5 X130.754 Y131.461 E0.64789
G1 F177.7 X131.509 Y131.248 E0.38088
G1 F179.5 X132.533 Y130.906 E0.51899
G1 F180 X132.54 Y130.912 E0.00442
G1 X134.065 Y130.32 E0.78406
G1 X134.073 Y130.308 E0.00691
G1 X135.369 Y129.763 E0.67385
G1 X136.102 Y129.429 E0.38607
G1 X136.846 Y129.07 E0.39593
G1 X137.63 Y128.673 E0.42119
G1 X138.272 Y128.333 E0.34819
G1 X138.998 Y127.931 E0.39775
G1 X139.698 Y127.526 E0.38761
G1 X140.379 Y127.115 E0.38123
G1 X141.067 Y126.678 E0.39065
G1 X142.401 Y125.78 E0.77074
G1 X143.058 Y125.309 E0.38745
G1 X144.306 Y124.364 E0.75029
G1 X144.951 Y123.844 E0.3971
G1 X145.631 Y123.269 E0.42682
G1 X146.761 Y122.263 E0.72513
G1 X147.912 Y121.159 E0.76441
G1 X148.526 Y120.531 E0.42095
G1 X149.21 Y119.811 E0.47599
G1 X150.26 Y118.612 E0.76388
G1 X151.074 Y117.615 E0.61689
G1 X151.556 Y116.992 E0.37753
G1 X152.081 Y116.289 E0.42053
G1 X152.485 Y115.727 E0.33174
G1 X152.931 Y115.081 E0.37624
G1 X153.812 Y113.709 E0.78148
G1 X154.192 Y113.086 E0.34976
G1 X154.512 Y112.533 E0.30622
G1 X154.896 Y111.842 E0.37889
G1 X155.172 Y111.205 E0.33273
G1 X155.325 Y110.599 E0.29956
G1 X155.367 Y109.999 E0.28828
G1 X155.325 Y109.397 E0.28923
G1 X155.172 Y108.791 E0.29956
G1 X154.896 Y108.154 E0.33273
G1 X154.209 Y106.944 E0.6669
G1 X153.774 Y106.22 E0.40482
G1 X152.924 Y104.907 E0.74967
G1 X152.013 Y103.616 E0.75731
G1 X151.544 Y102.988 E0.37567
G1 X151.066 Y102.373 E0.37333
G1 X150.054 Y101.147 E0.76194
G1 X149.534 Y100.555 E0.37766
G1 X148.452 Y99.389 E0.7624
G1 X147.331 Y98.268 E0.75983
G1 X146.164 Y97.193 E0.76047
G1 X145.563 Y96.668 E0.38248
G1 X144.946 Y96.15 E0.38612
G1 X144.325 Y95.651 E0.38182
G1 X143.043 Y94.675 E0.77225
G1 X142.392 Y94.21 E0.38344
G1 X141.743 Y93.764 E0.37743
G1 X141.053 Y93.31 E0.39588
G1 X140.321 Y92.849 E0.41462
G1 X139.687 Y92.465 E0.35526
G1 X138.99 Y92.061 E0.38613
G1 X138.271 Y91.663 E0.39388
G1 X137.564 Y91.289 E0.38335
G1 X136.831 Y90.918 E0.39376
G1 X136.109 Y90.571 E0.38394
G1 X135.381 Y90.237 E0.38389
G1 X133.795 Y89.577 E0.82335
G1 X133.105 Y89.307 E0.35513
G1 X132.291 Y89.011 E0.41514
G1 F179.6 X131.516 Y88.751 E0.39258
G1 F178 X130.747 Y88.529 E0.38785
G1 F175.6 X129.964 Y88.322 E0.39788
G1 F173.2 X129.158 Y88.126 E0.41307
G1 F171 X128.373 Y87.949 E0.40594
G1 F169.1 X127.814 Y87.839 E0.29061
G1 F168.6 X127.594 Y87.779 E0.11667
G1 F169.4 X126.979 Y87.635 E0.32173
G1 F169.7 X125.983 Y87.439 E0.51596
G1 X125.159 Y87.293 E0.42535
G1 F169.9 X124.351 Y87.167 E0.41527
G1 F170 X123.523 Y87.056 E0.42403
G1 F170.1 X122.717 Y86.964 E0.41156
G1 F170.2 X121.922 Y86.888 E0.40488
G1 F170.3 X121.057 Y86.825 E0.43938
G1 F170.5 X120.272 Y86.781 E0.39794
G1 F170.6 X119.406 Y86.754 E0.43811
G1 F170.8 X118.429 Y86.744 E0.49358
G1 F170.9 X117.777 Y86.752 E0.32924
G1 F170.5 X111.962 Y86.953 E2.94421
G1 F169.9 X106.146 Y87.154 E2.95587
G1 F169.6 X98.74 Y87.398 E3.76997
G1 F169.5 X90.044 Y87.614 E4.42768
G1 F169.1 X85.207 Y87.693 E2.46877
G1 F168.8 X85.208 Y89.175 E0.75737
G1 X85.184 Y91.978 E1.43251
G1 F169 X97.188 Y91.697 E6.12905
G1 F169.6 X101.782 Y91.534 E2.33874
G1 F169.7 X106.301 Y91.398 E2.29799
G1 F169.8 X109.928 Y91.258 E1.84406
G1 F170.3 X113.556 Y91.117 E1.83893
G1 F170.9 X117.183 Y90.977 E1.83275
G1 F171 X118.56 Y90.957 E0.69471
G1 F170.7 X119.939 Y90.99 E0.697
G1 F170.5 X121.289 Y91.077 E0.68453
G1 F170.3 X122.612 Y91.209 E0.67357
G1 F170.1 X123.514 Y91.324 E0.4611
G1 F170 X124.649 Y91.504 E0.58315
G1 F169.5 X126.422 Y91.844 E0.9187
G1 F170.6 X126.995 Y92.262 E0.35864
G1 F173.2 X127.227 Y92.538 E0.17955
G1 F175.6 X127.388 Y92.814 E0.15697
G1 F178.4 X127.573 Y93.354 E0.27605
G1 F180 X127.637 Y93.831 E0.23067
G1 X127.636 Y126.153 E15.49162
G1 X127.6 Y126.523 E0.17817
G1 F178.2 X127.395 Y127.178 E0.33224
G1 F174.5 X127.107 Y127.622 E0.26164
G1 F171.3 X127.083 Y127.646 E0.01709
G0 F144 X126.841 Y127.883
G0 X126.517 Y128.1
G0 F36000 X126.079 Y128.218
G0 X125.053 Y128.421
G0 X125.34 Y129.885
G0 X143.357 Y114.434
;TYPE:SKIN
G1 F168.1 X142.154 Y115.688 E0.89181
G1 X140.798 Y115.086 E0.7614
G1 X141.967 Y110.754 E2.30271
G1 X142.038 Y110.32 E0.22569
G1 X142.008 Y109.817 E0.2586
G1 X141.932 Y109.52 E0.15733
G1 X140.31 Y105.419 E2.26327
G1 X142.249 Y104.418 E1.11987
G1 X142.707 Y104.876 E0.3324
G1 X143.609 Y105.846 E0.67977
G1 X144.006 Y106.295 E0.30758
G1 X144.851 Y107.317 E0.68055
G1 X145.575 Y108.271 E0.61462
G1 X146.299 Y109.289 E0.64109
G1 X146.759 Y109.993 E0.43158
G1 X146.358 Y110.615 E0.3798
G1 X145.655 Y111.619 E0.62901
G1 X144.853 Y112.67 E0.67847
G1 X144.204 Y113.469 E0.52827
G1 X143.357 Y114.434 E0.65894
G0 F36000 X142.937 Y114.05
;MESH:NONMESH
G0 F600 Z25.8
G0 F36000 X129.168 Y113.541
G0 X116.829 Y124.629
G0 X102.509 Y124.629
G0 X84.521 Y122.025
G0 X66.434 Y115.788
G0 X64.488 Y113.538
;TIME_ELAPSED:2687.329230
;LAYER:10
;TYPE:WALL-OUTER
;MESH:3DBenchy (6).stl
G1 F200.6 X63.881 Y113.598 E0.26238
G1 F200.1 X63.187 Y113.536 E0.30039
G1 F199.6 X62.531 Y113.358 E0.29378
G1 F198.6 X61.936 Y113.077 E0.28589
G1 F196.8 X61.401 Y112.692 E0.2889
G1 F195.7 X60.948 Y112.252 E0.27839
G1 F194.8 X60.636 Y111.805 E0.24148
G1 F193.8 X60.425 Y111.41 E0.19934
G1 F193.2 X60.216 Y110.79 E0.29211
G1 F192.4 X60.126 Y109.996 E0.35829
G1 F192.3 X60.218 Y109.208 E0.35601
G1 F192.7 X60.436 Y108.58 E0.29766
G1 F193.9 X60.786 Y107.953 E0.31947
G1 F195.8 X61.163 Y107.51 E0.25636
G1 F196.7 X61.694 Y107.084 E0.29863
G1 F197.8 X62.27 Y106.744 E0.29173
G1 F199.2 X62.87 Y106.528 E0.27615
G1 F198.9 X63.362 Y106.437 E0.21703
G1 X63.966 Y106.4 E0.26248
G1 F199.8 X64.526 Y106.457 E0.24308
G1 F199.6 X65.08 Y106.593 E0.24662
G1 F198.9 X65.667 Y106.846 E0.27726
G1 F197.7 X66.047 Y107.086 E0.19608
G1 F196.4 X66.565 Y107.514 E0.29516
G1 F195.5 X66.932 Y107.941 E0.24847
G1 F194.3 X67.297 Y108.569 E0.32247
G1 F193.1 X67.511 Y109.208 E0.3011
G1 F192.7 X67.577 Y109.535 E0.14938
G1 F192.6 X67.603 Y109.996 E0.20686
G1 F192.4 X67.574 Y110.45 E0.20398
G1 F192.6 X67.48 Y110.94 E0.22347
G1 F193.5 X67.138 Y111.737 E0.38668
G1 F194.7 X66.803 Y112.233 E0.26521
G1 F195.7 X66.314 Y112.735 E0.30902
G1 F196.7 X65.621 Y113.164 E0.35744
G1 F198.3 X65.278 Y113.327 E0.16518
G1 F200.1 X65.192 Y113.35 E0.03838
G0 F144 X64.488 Y113.538
G0 F36000 X103.35 Y113.538
G0 X107.11 Y117.164
;TYPE:WALL-INNER
G1 F174.1 X107.486 Y117.531 E0.26039
G1 X107.873 Y117.992 E0.2983
G1 X110.024 Y117.992 E1.06601
G1 X110.024 Y102.008 E7.92145
G1 X107.873 Y102.008 E1.06601
G1 X107.486 Y102.469 E0.2983
G1 X107.11 Y102.836 E0.26039
G1 X106.716 Y103.156 E0.25155
G1 X106.222 Y103.49 E0.29553
G1 X105.888 Y103.666 E0.1871
G1 X105.888 Y116.334 E6.27808
G1 X106.224 Y116.511 E0.18821
G1 X106.533 Y116.72 E0.18488
G0 F144 X106.716 Y116.844
G0 X107.11 Y117.164
G0 F36000 X107.11 Y115.09
G0 X104.998 Y121.144
;TYPE:WALL-OUTER
G1 F180 X105.076 Y121.7 E0.26909
G1 X105.076 Y122.06 E0.17254
G1 X114.092 Y122.06 E4.32128
G1 X114.092 Y97.94 E11.56048
G1 X105.076 Y97.94 E4.32128
G1 X105.076 Y98.3 E0.17254
G1 X104.998 Y98.856 E0.26909
G1 X104.845 Y99.236 E0.19634
G1 X104.53 Y99.674 E0.25858
G1 X104.276 Y99.901 E0.16327
G1 X103.903 Y100.121 E0.20755
G1 X103.63 Y100.222 E0.13951
G1 F181.6 X103.248 Y100.297 E0.18495
G1 F184.9 X102.262 Y100.229 E0.46127
G1 F188.8 X101.448 Y100.182 E0.37262
G1 F193.3 X100.634 Y100.139 E0.36373
G1 F197.8 X99.82 Y100.1 E0.35544
G1 X100.612 Y100.239 E0.35071
G1 F193.3 X101.234 Y100.656 E0.33415
G1 F188.8 X101.613 Y101.186 E0.29777
G1 F184 X101.792 Y101.701 E0.25557
G1 F180.8 X101.82 Y101.9 E0.09588
G1 F180 X101.82 Y117.369 E7.41414
G1 F182 X101.811 Y118.199 E0.39346
G1 F185.7 X101.604 Y118.809 E0.29933
G1 F189.5 X101.229 Y119.338 E0.29517
G1 F193.8 X100.61 Y119.756 E0.33257
G1 F197 X100.133 Y119.885 E0.21635
G1 F194.9 X101.448 Y119.823 E0.5827
G1 F189.5 X102.262 Y119.78 E0.37105
G1 F184 X103.278 Y119.718 E0.47725
G1 F180.4 X103.632 Y119.778 E0.17174
G1 F180 X103.904 Y119.879 E0.13906
G1 X104.276 Y120.099 E0.20714
G1 X104.53 Y120.326 E0.16327
G1 X104.659 Y120.505 E0.10575
G0 F144 X104.845 Y120.764
G0 X104.998 Y121.144
G0 F36000 X105.076 Y121.7
G0 X105.076 Y122.06
G0 X105.655 Y122.06
G0 X106.658 Y120.48
G0 X100.133 Y119.885
G1 F199 X99.82 Y119.898 E0.13581
G1 F199.8 X85.52 Y119.898 E6.17532
G1 F197.7 X85 Y119.86 E0.22747
G1 F194.4 X84.699 Y119.769 E0.13952
G1 F192.1 X84.31 Y119.542 E0.20232
G1 F190.8 X84.109 Y119.352 E0.12508
G1 F191.9 X83.844 Y118.907 E0.23279
G1 F194.6 X83.757 Y118.613 E0.13589
G1 F198 X83.72 Y118.096 E0.22588
G1 F199.8 X83.719 Y112.586 E2.37944
G1 F199.2 X83.719 Y107.076 E2.38604
G1 F198.8 X83.718 Y101.566 E2.39133
G1 F195.9 X83.855 Y101.064 E0.2292
G1 F192.2 X84.066 Y100.703 E0.18768
G1 F191.1 X84.296 Y100.467 E0.14878
G1 F191.8 X84.637 Y100.254 E0.1808
G1 F194.7 X85.057 Y100.13 E0.19405
G1 F198.3 X85.52 Y100.1 E0.20181
G1 F200 X99.091 Y100.1 E5.854
G0 F144 X99.82 Y100.1
G0 F36000 X103.4 Y101.881
G0 X112.562 Y101.543
G0 X126.819 Y101.545
G0 X135.484 Y101.543
;TYPE:FILL
G1 F180 X141.571 Y107.629 E4.12554
G0 F36000 X142.888 Y103.29
G1 F180 X135.824 Y96.226 E4.78811
G1 X135.117 Y95.519
G0 F36000 X135.484 Y107.2
G1 F180 X141.392 Y113.108 E4.00455
G0 F36000 X135.484 Y112.856
G1 F180 X142.085 Y119.457 E4.47428
G0 F36000 X138.883 Y121.912
G1 F180 X135.484 Y118.513 E2.30391
G0 F36000 X134.402 Y126.725
;TYPE:WALL-INNER
G1 F180 X135.731 Y126.084 E0.7072
G1 X136.401 Y125.737 E0.36164
G1 X137.062 Y125.379 E0.36029
G1 X137.705 Y125.016 E0.3539
G1 X138.6 Y124.486 E0.49854
G1 X139.861 Y123.67 E0.71989
G1 X140.837 Y122.982 E0.57233
G1 X141.41 Y122.562 E0.34051
G1 X142.033 Y122.085 E0.37607
G1 X142.563 Y121.665 E0.32412
G1 X143.703 Y120.705 E0.71432
G1 X144.232 Y120.23 E0.34076
G1 X144.831 Y119.672 E0.39236
G1 X145.849 Y118.676 E0.6826
G1 X146.611 Y117.88 E0.52815
G1 X147.319 Y117.08 E0.51203
G1 X147.795 Y116.521 E0.3519
G1 X148.241 Y115.976 E0.33753
G1 X148.689 Y115.402 E0.34899
G1 X149.56 Y114.226 E0.70141
G1 X149.967 Y113.641 E0.34157
G1 X150.713 Y112.499 E0.65378
G1 X151.151 Y111.783 E0.40229
G1 X151.509 Y111.17 E0.34024
G1 X151.827 Y110.6 E0.31284
G1 X152.141 Y109.998 E0.32542
G1 X151.825 Y109.398 E0.32502
G1 X151.471 Y108.764 E0.34803
G1 X151.151 Y108.215 E0.30457
G1 X150.358 Y106.94 E0.71965
G1 X149.56 Y105.771 E0.67839
G1 X149.124 Y105.169 E0.35626
G1 X148.252 Y104.031 E0.68715
G1 X147.797 Y103.48 E0.34249
G1 X146.82 Y102.356 E0.71379
G1 X146.335 Y101.83 E0.34292
G1 X145.831 Y101.304 E0.34916
G1 X144.736 Y100.231 E0.73479
G1 X144.245 Y99.774 E0.32149
G1 X143.699 Y99.29 E0.34971
G1 X143.089 Y98.768 E0.3848
G1 X142.375 Y98.177 E0.44424
G1 X141.398 Y97.426 E0.59062
G1 X140.781 Y96.977 E0.36574
G1 X140.153 Y96.535 E0.36807
G1 X139.529 Y96.112 E0.36132
G1 X138.84 Y95.664 E0.3939
G1 X137.663 Y94.962 E0.65684
G1 X136.39 Y94.252 E0.69862
G1 X135.045 Y93.576 E0.72149
G1 X134.367 Y93.263 E0.35792
G1 X133.45 Y92.858 E0.48047
G1 X133.484 Y93.167 E0.14899
G1 X133.484 Y126.58 E16.01453
G1 X133.458 Y127.136 E0.26678
G1 X133.734 Y127.016 E0.14425
G0 F144 X134.402 Y126.725
G0 F36000 X134.145 Y126.173
G0 X128.707 Y128.304
;TYPE:WALL-OUTER
G1 F169.8 X128.371 Y128.541 E0.20895
G1 F169.6 X127.203 Y128.829 E0.61204
G1 F170.1 X125.832 Y129.126 E0.71168
G1 F170.1 X124.507 Y129.365 E0.68274
G1 F170.2 X122.858 Y129.595 E0.84389
G1 F170.3 X121.724 Y129.708 E0.5772
G1 F170.6 X120.335 Y129.799 E0.70402
G1 F170.9 X118.92 Y129.834 E0.7147
G1 F171.1 X117.562 Y129.818 E0.68477
G1 F171.1 X105.339 Y129.417 E6.16485
G1 F170.7 X99.623 Y129.235 E2.88971
G1 F170.4 X99.618 Y133.481 E2.14954
G1 F170.7 X105.236 Y133.624 E2.83965
G1 F171 X118.183 Y134.042 E6.53611
G1 F170.9 X119.021 Y134.046 E0.42294
G1 F170.8 X119.863 Y134.031 E0.42532
G1 F170.7 X120.72 Y134 E0.43342
G1 F170.5 X121.962 Y133.928 E0.62937
G1 F170.3 X123.494 Y133.776 E0.77975
G1 F170.2 X125.158 Y133.548 E0.85148
G1 F170.1 X126.532 Y133.301 E0.70824
G1 X127.329 Y133.137 E0.41281
G1 F169.9 X128.443 Y132.892 E0.57922
G1 F170 X129.13 Y132.711 E0.3606
G1 F169.3 X130.013 Y132.451 E0.46908
G1 F170.3 X131.305 Y132.106 E0.67731
G1 F173.4 X132.121 Y131.866 E0.42316
G1 F175.8 X132.937 Y131.607 E0.42018
G1 F178 X133.585 Y131.384 E0.33215
G1 F179.6 X134.24 Y131.143 E0.33535
G1 F180 X135.049 Y130.805 E0.42023
G1 X136.043 Y130.373 E0.51946
G1 X137.516 Y129.665 E0.78331
G1 X138.259 Y129.28 E0.40108
G1 X139.679 Y128.496 E0.77743
G1 X140.706 Y127.887 E0.57227
G1 X142.1 Y126.986 E0.79554
G1 X143.198 Y126.211 E0.64415
G1 X143.806 Y125.766 E0.36112
G1 X144.455 Y125.269 E0.39179
G1 X145.081 Y124.773 E0.3828
G1 X145.723 Y124.242 E0.39932
G1 X146.341 Y123.712 E0.39021
G1 X146.93 Y123.183 E0.37945
G1 X148.13 Y122.049 E0.79133
G1 X148.704 Y121.478 E0.38805
G1 X149.555 Y120.589 E0.58984
G1 X150.341 Y119.701 E0.56839
G1 X150.865 Y119.085 E0.38761
G1 X151.365 Y118.474 E0.3784
G1 X151.864 Y117.835 E0.38859
G1 X152.345 Y117.197 E0.38295
G1 X152.818 Y116.547 E0.38529
G1 X153.277 Y115.888 E0.38492
G1 X153.72 Y115.22 E0.38417
G1 X154.148 Y114.551 E0.38065
G1 X154.567 Y113.865 E0.38527
G1 X154.97 Y113.176 E0.38257
G1 X155.347 Y112.5 E0.37098
G1 X155.708 Y111.819 E0.36942
G1 X155.945 Y111.286 E0.27958
G1 X156.094 Y110.791 E0.24776
G1 X156.17 Y110.361 E0.20929
G1 X156.178 Y109.874 E0.23345
G1 X156.067 Y109.024 E0.41086
G1 X155.795 Y108.352 E0.34747
G1 X155.349 Y107.505 E0.4588
G1 X154.925 Y106.746 E0.4167
G1 X154.522 Y106.06 E0.38133
G1 X153.711 Y104.759 E0.73479
G1 X153.324 Y104.179 E0.33419
G1 X152.821 Y103.455 E0.42253
G1 X152.34 Y102.79 E0.39336
G1 X151.374 Y101.531 E0.76058
G1 X150.86 Y100.907 E0.38748
G1 X149.79 Y99.676 E0.78174
G1 X149.247 Y99.088 E0.38361
G1 X148.687 Y98.504 E0.3878
G1 X148.113 Y97.931 E0.38873
G1 X147.535 Y97.372 E0.38539
G1 X146.935 Y96.813 E0.39304
G1 X146.329 Y96.276 E0.38808
G1 X145.707 Y95.742 E0.39291
G1 X144.869 Y95.049 E0.52119
G1 X143.796 Y94.225 E0.64843
G1 X143.084 Y93.706 E0.42229
G1 X142.458 Y93.265 E0.36701
G1 X141.776 Y92.802 E0.39509
G1 X140.957 Y92.27 E0.46808
G1 X139.704 Y91.521 E0.69967
G1 X138.971 Y91.104 E0.40419
G1 X138.26 Y90.716 E0.38821
G1 X136.784 Y89.973 E0.79201
G1 X135.996 Y89.609 E0.41603
G1 X135.209 Y89.259 E0.41282
G1 X133.926 Y88.72 E0.66699
G1 F178.1 X132.386 Y88.198 E0.78754
G1 F174.6 X131.323 Y87.885 E0.54758
G1 F171.1 X129.949 Y87.515 E0.7173
G1 F169.1 X129.823 Y87.488 E0.06573
G1 F169.6 X129.116 Y87.283 E0.37451
G1 F170.1 X128.443 Y87.108 E0.35279
G1 X127.309 Y86.855 E0.58946
G1 F170.1 X126.462 Y86.682 E0.43837
G1 X125.163 Y86.45 E0.66913
G1 F170.2 X124.008 Y86.288 E0.59128
G1 F170.1 X122.373 Y86.095 E0.83485
G1 F170.3 X120.677 Y85.996 E0.86047
G1 F170.6 X119.817 Y85.965 E0.43514
G1 F170.8 X118.987 Y85.95 E0.41926
G1 F170.9 X118.164 Y85.958 E0.41538
G1 F170.8 X110.654 Y86.209 E3.79596
G1 F170.1 X105.144 Y86.372 E2.7966
G1 F169.6 X99.626 Y86.522 E2.80841
G1 F169.6 X99.626 Y90.766 E2.1587
G1 F169.6 X105.279 Y90.617 E2.87706
G1 F170.1 X110.813 Y90.424 E2.80926
G1 F170.9 X117.612 Y90.178 E3.43365
G1 F171.1 X118.973 Y90.162 E0.68628
G1 F170.8 X120.46 Y90.21 E0.75158
G1 F170.4 X121.787 Y90.295 E0.67333
G1 F170.3 X122.85 Y90.404 E0.54148
G1 F170.3 X123.837 Y90.532 E0.50421
G1 F170.3 X124.567 Y90.642 E0.37409
G1 F170.2 X125.899 Y90.883 E0.68608
G1 X126.609 Y91.033 E0.36781
G1 F169.9 X128.321 Y91.441 E0.89371
G1 F170.3 X128.706 Y91.703 E0.23587
G1 F172 X128.936 Y91.925 E0.1603
G1 F174.4 X129.187 Y92.279 E0.2147
G1 F177 X129.33 Y92.598 E0.17036
G1 F179.1 X129.481 Y93.302 E0.34673
G1 F180 X129.484 Y126.717 E16.01548
G1 F178.5 X129.296 Y127.505 E0.39158
G1 F175.8 X129.173 Y127.748 E0.13367
G0 F144 X129.15 Y127.795
G0 X128.936 Y128.082
G0 X128.707 Y128.304
G0 F36000 X128.371 Y128.541
G0 X127.314 Y128.801
G0 X127.676 Y130.253
G0 X145.039 Y113.921
;TYPE:SKIN
G1 F181.1 X144.059 Y115.044 E0.70991
G1 X143.039 Y114.717 E0.51018
G1 X143.467 Y110.091 E2.21275
G1 X143.243 Y105.045 E2.40575
G1 X143.958 Y104.838 E0.35454
G1 X144.855 Y105.867 E0.65018
G1 X145.279 Y106.382 E0.31773
G1 X146.076 Y107.414 E0.62105
G1 X146.418 Y107.886 E0.27762
G1 X147.196 Y109.023 E0.65619
G1 X147.805 Y110.001 E0.54875
G1 X146.864 Y111.462 E0.82771
G1 X146.484 Y112.011 E0.31801
G1 X145.804 Y112.942 E0.54912
G1 X145.039 Y113.921 E0.59177
G0 F36000 X144.478 Y113.462
;MESH:NONMESH
G0 F600 Z28.2
G0 F36000 X135.659 Y125.439
G0 X136.304 Y126.689
;TIME_ELAPSED:2888.621622
;LAYER:11
;TYPE:WALL-INNER
;MESH:3DBenchy (6).stl
G1 F180 X136.969 Y126.336 E0.36085
G1 X138.291 Y125.586 E0.72849
G1 X138.965 Y125.179 E0.37737
G1 X139.598 Y124.775 E0.35992
G1 X140.862 Y123.92 E0.7314
G1 X141.442 Y123.504 E0.3421
G1 X142.091 Y123.015 E0.38947
G1 X142.692 Y122.545 E0.36568
G1 X143.242 Y122.096 E0.3403
G1 X143.843 Y121.586 E0.37779
G1 X144.416 Y121.082 E0.36575
G1 X144.955 Y120.586 E0.35107
G1 X145.502 Y120.065 E0.36206
G1 X145.996 Y119.578 E0.33248
G1 X147.021 Y118.504 E0.71156
G1 X147.564 Y117.896 E0.39071
G1 X148.122 Y117.252 E0.40841
G1 X148.878 Y116.322 E0.57444
G1 X149.391 Y115.652 E0.40445
G1 X149.846 Y115.03 E0.36937
G1 X150.395 Y114.252 E0.45638
G1 X151.075 Y113.21 E0.59636
G1 X151.479 Y112.555 E0.36885
G1 X151.823 Y111.972 E0.32444
G1 X152.181 Y111.338 E0.34897
G1 X152.885 Y110 E0.72464
G1 X152.513 Y109.275 E0.39056
G1 X151.815 Y108.008 E0.69332
G1 X151.069 Y106.778 E0.68948
G1 X150.659 Y106.146 E0.36107
G1 X150.257 Y105.548 E0.34536
G1 X149.386 Y104.334 E0.71612
G1 X148.947 Y103.766 E0.34407
G1 X148.44 Y103.135 E0.38796
G1 X147.516 Y102.042 E0.68598
G1 X146.986 Y101.458 E0.37799
G1 X146.473 Y100.912 E0.35908
G1 X145.945 Y100.371 E0.36232
G1 X144.932 Y99.385 E0.67754
G1 X144.343 Y98.851 E0.38105
G1 X143.791 Y98.367 E0.35187
G1 X143.184 Y97.854 E0.38091
G1 X142.589 Y97.368 E0.36822
G1 X142.006 Y96.912 E0.35475
G1 X141.416 Y96.472 E0.35276
G1 X140.831 Y96.056 E0.34405
G1 X139.55 Y95.191 E0.74084
G1 X138.269 Y94.399 E0.72184
G1 X136.94 Y93.645 E0.73235
G1 X135.333 Y92.815 E0.86689
G1 X135.328 Y127.173 E16.46745
G1 X135.65 Y127.013 E0.17233
G0 F144 X136.304 Y126.689
G0 F36000 X136.022 Y126.151
G0 X130.589 Y128.595
;TYPE:WALL-OUTER
G1 F170.9 X130.217 Y128.857 E0.22975
G1 F170.3 X129.192 Y129.165 E0.54234
G1 F170.5 X128.625 Y129.324 E0.2979
G1 X127.784 Y129.541 E0.43939
G1 F170.6 X127.071 Y129.711 E0.37072
G1 F170.6 X126.385 Y129.858 E0.35475
G1 X124.997 Y130.117 E0.71396
G1 X124.278 Y130.229 E0.36795
G1 X122.881 Y130.41 E0.7123
G1 F170.7 X121.971 Y130.496 E0.46197
G1 F170.8 X120.723 Y130.579 E0.63185
G1 F170.9 X119.386 Y130.622 E0.67544
G1 F171.1 X117.923 Y130.613 E0.73768
G1 X109.437 Y130.341 E4.28095
G1 F170.9 X109.441 Y134.565 E2.13283
G1 F170.9 X118.541 Y134.831 E4.59466
G1 X119.373 Y134.834 E0.41991
G1 F170.8 X120.214 Y134.816 E0.42485
G1 F170.8 X121.084 Y134.781 E0.43986
G1 F170.7 X121.909 Y134.73 E0.41776
G1 F170.6 X122.777 Y134.66 E0.44033
G1 X123.427 Y134.593 E0.33041
G1 F170.5 X124.452 Y134.467 E0.52244
G1 F170.5 X125.306 Y134.343 E0.43677
G1 F170.5 X126.136 Y134.202 E0.42601
G1 F170.5 X126.975 Y134.044 E0.43211
G1 X127.796 Y133.873 E0.42445
G1 F170.5 X128.621 Y133.682 E0.4285
G1 X129.45 Y133.472 E0.43273
G1 F170.5 X130.467 Y133.189 E0.53429
G1 F170.5 X131.244 Y132.954 E0.41066
G1 F170.1 X131.873 Y132.741 E0.33675
G1 F170.7 X132.652 Y132.506 E0.41124
G1 F172.7 X133.427 Y132.25 E0.40782
G1 F176 X134.517 Y131.874 E0.56507
G1 F179.2 X135.821 Y131.351 E0.67625
G1 F180 X136.663 Y130.969 E0.44315
G1 X137.4 Y130.615 E0.39187
G1 X138.18 Y130.222 E0.41862
G1 X138.917 Y129.83 E0.40009
G1 X139.636 Y129.428 E0.39482
G1 X140.384 Y128.994 E0.41448
G1 X141.047 Y128.595 E0.37088
G1 X141.757 Y128.143 E0.4034
G1 X143.132 Y127.214 E0.79534
G1 X143.769 Y126.758 E0.37547
G1 X144.547 Y126.173 E0.46654
G1 X145.144 Y125.707 E0.36299
G1 X145.768 Y125.198 E0.38596
G1 X146.422 Y124.645 E0.41049
G1 X147.043 Y124.099 E0.39632
G1 X147.707 Y123.489 E0.43216
G1 X148.241 Y122.982 E0.35292
G1 X148.838 Y122.392 E0.40229
G1 X149.967 Y121.21 E0.78343
G1 X150.526 Y120.586 E0.40153
G1 X151.187 Y119.822 E0.48421
G1 X152.018 Y118.8 E0.63133
G1 X152.591 Y118.052 E0.45161
G1 X153.052 Y117.423 E0.37377
G1 X153.705 Y116.5 E0.5419
G1 X154.451 Y115.355 E0.65499
G1 X154.876 Y114.669 E0.38678
G1 X155.287 Y113.972 E0.38782
G1 X155.687 Y113.264 E0.38975
G1 X156.416 Y111.877 E0.75101
G1 X156.643 Y111.355 E0.27282
G1 X156.844 Y110.572 E0.38745
G1 X156.889 Y110.099 E0.22773
G1 X156.834 Y109.299 E0.38434
G1 X156.722 Y108.878 E0.2088
G1 X156.492 Y108.271 E0.31111
G1 X156.062 Y107.428 E0.45357
G1 X155.279 Y106.008 E0.7772
G1 X154.449 Y104.638 E0.76773
G1 X153.949 Y103.87 E0.43923
G1 X153.549 Y103.276 E0.34323
G1 X152.587 Y101.936 E0.79062
G1 X152.091 Y101.293 E0.38922
G1 X151.516 Y100.578 E0.43976
G1 X151.048 Y100.015 E0.3509
G1 X150.516 Y99.396 E0.3912
G1 X149.908 Y98.726 E0.43364
G1 X149.413 Y98.198 E0.34688
G1 X148.823 Y97.592 E0.40537
G1 X148.236 Y97.01 E0.39619
G1 X147.657 Y96.457 E0.38375
G1 X147.039 Y95.896 E0.40004
G1 X146.405 Y95.339 E0.40448
G1 X145.776 Y94.806 E0.39515
G1 X145.125 Y94.274 E0.40295
G1 X144.475 Y93.764 E0.39599
G1 X143.812 Y93.268 E0.39685
G1 X143.149 Y92.795 E0.39035
G1 X141.752 Y91.851 E0.8081
G1 X141.039 Y91.401 E0.4041
G1 X140.274 Y90.938 E0.42858
G1 X139.6 Y90.548 E0.37322
G1 X138.858 Y90.134 E0.40724
G1 X138.083 Y89.727 E0.41956
G1 X137.374 Y89.368 E0.3809
G1 X136.587 Y88.993 E0.41783
G1 F179.9 X135.807 Y88.636 E0.41135
G1 F178.7 X135.032 Y88.335 E0.40147
G1 F176.3 X134.251 Y88.045 E0.40768
G1 F174.1 X133.45 Y87.764 E0.42068
G1 F171.9 X132.656 Y87.507 E0.41879
G1 F170.1 X132.06 Y87.328 E0.31571
G1 F169.5 X131.87 Y87.255 E0.1036
G1 F170.2 X131.236 Y87.042 E0.33899
G1 F170.5 X130.478 Y86.807 E0.40147
G1 F170.4 X129.409 Y86.515 E0.56114
G1 F170.5 X128.576 Y86.305 E0.4348
G1 X127.299 Y86.01 E0.66335
G1 X126.101 Y85.79 E0.61648
G1 F170.5 X125.265 Y85.651 E0.42873
G1 F170.6 X124.402 Y85.525 E0.441
G1 F170.5 X123.559 Y85.42 E0.42976
G1 X122.728 Y85.332 E0.42275
G1 F170.6 X121.922 Y85.268 E0.40884
G1 F170.7 X121.031 Y85.212 E0.45121
G1 F170.8 X120.17 Y85.18 E0.43525
G1 F170.9 X119.314 Y85.162 E0.43232
G1 F170.9 X118.487 Y85.167 E0.41739
G1 F170.8 X109.445 Y85.433 E4.56974
G1 F170.6 X109.443 Y89.659 E2.13688
G1 F170.6 X113.374 Y89.542 E1.98907
G1 F170.9 X117.983 Y89.385 E2.32858
G1 F171.1 X119.386 Y89.374 E0.70743
G1 F170.9 X120.813 Y89.421 E0.72076
G1 F170.8 X122.182 Y89.517 E0.69328
G1 F170.7 X123.613 Y89.677 E0.72775
G1 X124.31 Y89.772 E0.35553
G1 X125.729 Y90.01 E0.7272
G1 F170.5 X126.437 Y90.147 E0.3649
G1 F170.5 X127.123 Y90.299 E0.35563
G1 F170.5 X127.814 Y90.465 E0.35952
G1 F170.5 X129.163 Y90.825 E0.7065
G1 F170.1 X130.288 Y91.159 E0.59509
G1 F170.4 X130.6 Y91.393 E0.19748
G1 F171.9 X130.863 Y91.666 E0.19023
G1 F174.1 X131.059 Y91.962 E0.17594
G1 F176.3 X131.192 Y92.265 E0.16193
G1 F178.7 X131.333 Y92.903 E0.31536
G1 F180 X131.328 Y127.091 E16.38598
G1 F178.5 X131.125 Y127.873 E0.39052
G1 F175.3 X131.033 Y128.023 E0.08659
G0 F144 X130.842 Y128.335
G0 X130.589 Y128.595
G0 F36000 X130.217 Y128.857
G0 X129.216 Y129.157
G0 X129.621 Y130.602
G0 X144.032 Y109.992
;TYPE:SKIN
G1 F155 X143.742 Y110.494 E0.3226
G1 X143.162 Y110.494 E0.32274
G1 X142.872 Y109.992 E0.3226
G1 X143.162 Y109.49 E0.3226
G1 X143.742 Y109.49 E0.32274
G1 X144.032 Y109.992 E0.3226
G0 F36000 X139.772 Y120.001
G1 F180 X139.129 Y120.482 E0.38487
G1 X139.132 Y99.511 E10.0512
G1 X139.72 Y99.947 E0.35085
G1 X140.226 Y100.344 E0.30826
G1 X141.261 Y101.205 E0.64527
G1 X142.344 Y102.168 E0.6946
G1 X143.233 Y103.036 E0.59551
G1 X143.725 Y103.537 E0.33655
G1 X144.68 Y104.573 E0.67533
G1 X145.089 Y105.051 E0.30152
G1 X145.922 Y106.069 E0.63045
G1 X146.352 Y106.624 E0.3365
G1 X147.115 Y107.686 E0.62676
G1 X147.865 Y108.826 E0.65403
G1 X148.57 Y109.997 E0.65512
G1 X147.885 Y111.137 E0.63744
G1 X147.406 Y111.875 E0.42169
G1 X147.408 Y111.891 E0.00773
G1 X146.743 Y112.833 E0.55266
G1 X146.355 Y113.364 E0.31521
G1 X145.885 Y113.977 E0.37022
G1 X145.224 Y114.791 E0.50257
G1 X144.23 Y115.918 E0.72024
G1 X143.35 Y116.84 E0.61088
G1 X142.848 Y117.339 E0.33925
G1 X141.872 Y118.256 E0.64187
G1 X140.804 Y119.176 E0.67562
G1 X139.772 Y120.001 E0.63325
G0 F36000 X139.841 Y119.446
G0 X132.861 Y115.193
G0 X116.673 Y115.193
G0 X106.671 Y115.191
G0 X106.67 Y116.999
;TYPE:WALL-INNER
G1 F175.9 X107.372 Y117.63 E0.46304
G1 X107.767 Y118.097 E0.30005
G1 X109.961 Y118.097 E1.07627
G1 X109.961 Y101.903 E7.94402
G1 X107.767 Y101.903 E1.07627
G1 X107.372 Y102.37 E0.30005
G1 X106.67 Y103.001 E0.46304
G1 X106.193 Y103.331 E0.28453
G1 X105.867 Y103.509 E0.18221
G1 X105.867 Y116.491 E6.36837
G1 X106.062 Y116.597 E0.10888
G0 F144 X106.194 Y116.669
G0 X106.67 Y116.999
G0 F36000 X106.671 Y115.191
G0 X104.913 Y121.24
;TYPE:WALL-OUTER
G1 F180 X104.992 Y121.8 E0.27106
G1 X104.992 Y122.144 E0.16488
G1 X114.008 Y122.144 E4.32128
G1 X114.008 Y97.856 E11.641
G1 X104.992 Y97.856 E4.32128
G1 X104.992 Y98.2 E0.16488
G1 X104.913 Y98.759 E0.27059
G1 X104.758 Y99.141 E0.19759
G1 X104.593 Y99.4 E0.14719
G1 X104.209 Y99.788 E0.26164
G1 X103.848 Y100.008 E0.20262
G1 X103.585 Y100.111 E0.13538
G1 F181.7 X103.206 Y100.193 E0.18413
G1 F185.1 X102.199 Y100.126 E0.47041
G1 F189.1 X101.406 Y100.081 E0.36242
G1 F193.5 X100.613 Y100.039 E0.35397
G1 F197.8 X99.82 Y100 E0.34629
G1 X100.593 Y100.131 E0.34195
G1 F193.5 X101.208 Y100.53 E0.32677
G1 F189.1 X101.592 Y101.044 E0.29275
G1 F184.5 X101.781 Y101.55 E0.25261
G1 F181.1 X101.82 Y101.8 E0.12054
G1 F180 X101.82 Y117.493 E7.5215
G1 F180.4 X101.812 Y118.2 E0.3382
G1 F182 X101.767 Y118.447 E0.11898
G1 F185.6 X101.583 Y118.952 E0.24988
G1 F189.9 X101.203 Y119.465 E0.29
G1 F194.1 X100.592 Y119.866 E0.32489
G1 F197.3 X100.133 Y119.987 E0.2076
G1 F195.2 X101.406 Y119.926 E0.56319
G1 F189.9 X102.199 Y119.883 E0.36075
G1 F184.2 X103.243 Y119.823 E0.48968
G1 F180.4 X103.586 Y119.89 E0.16717
G1 F180 X103.849 Y119.992 E0.1352
G1 X104.209 Y120.212 E0.20221
G1 X104.585 Y120.592 E0.25622
G0 F144 X104.593 Y120.6
G0 X104.758 Y120.859
G0 X104.913 Y121.24
G0 F36000 X104.992 Y121.8
G0 X104.992 Y122.144
G0 X105.582 Y122.144
G0 X106.573 Y120.564
G0 X100.133 Y119.987
G1 F199.2 X99.82 Y120 E0.13566
G1 F200.1 X85.42 Y119.998 E6.20815
G1 F198.2 X84.908 Y119.962 E0.22343
G1 F194.6 X84.53 Y119.838 E0.17632
G1 F192.5 X84.232 Y119.653 E0.15723
G1 F191.8 X84.015 Y119.445 E0.13521
G1 F192.2 X83.81 Y119.15 E0.16124
G1 F195.7 X83.62 Y118.542 E0.28088
G1 F199 X83.621 Y112.961 E2.41946
G1 F199.4 X83.621 Y107.38 E2.41411
G1 F200 X83.622 Y101.799 E2.40743
G1 F198.6 X83.651 Y101.344 E0.19803
G1 F195.5 X83.734 Y101.024 E0.14589
G1 F193.1 X83.852 Y100.777 E0.12228
G1 F192 X84.205 Y100.368 E0.24276
G1 F192.3 X84.486 Y100.184 E0.15068
G1 F194.8 X84.959 Y100.029 E0.22044
G1 F198.3 X85.42 Y100 E0.20091
G1 F200 X99.091 Y100 E5.89714
G0 F144 X99.82 Y100
;MESH:NONMESH
G0 F600 Z30.6
G0 F36000 X103.4 Y101.78
G0 X112.484 Y120.62
G0 X128.666 Y120.622
G0 X137.469 Y125.361
G0 X138.156 Y126.547
;TIME_ELAPSED:3064.871251
;LAYER:12
;TYPE:WALL-INNER
;MESH:3DBenchy (6).stl
G1 F180 X138.824 Y126.152 E0.37195
G1 X139.497 Y125.732 E0.38022
G1 X140.131 Y125.322 E0.36187
G1 X140.784 Y124.88 E0.37793
G1 X142.059 Y123.96 E0.75357
G1 X142.635 Y123.517 E0.34828
G1 X143.269 Y123.01 E0.38908
G1 X143.862 Y122.519 E0.369
G1 X144.445 Y122.013 E0.36999
G1 X144.954 Y121.554 E0.3285
G1 X145.547 Y121.001 E0.38863
G1 X146.132 Y120.433 E0.3908
G1 X146.658 Y119.899 E0.35925
G1 X147.169 Y119.359 E0.35633
G1 X147.649 Y118.833 E0.3413
G1 X148.183 Y118.22 E0.38965
G1 X148.679 Y117.632 E0.3687
G1 X149.101 Y117.109 E0.32209
G1 X149.625 Y116.435 E0.40918
G1 X150.034 Y115.887 E0.32774
G1 X150.461 Y115.29 E0.35179
G1 X150.872 Y114.688 E0.34936
G1 X151.305 Y114.028 E0.37833
G1 X151.707 Y113.393 E0.36021
G1 X152.084 Y112.767 E0.35024
G1 X152.473 Y112.085 E0.37631
G1 X152.801 Y111.485 E0.32774
G1 X153.165 Y110.784 E0.37858
G1 X153.553 Y109.996 E0.42098
G1 X153.136 Y109.156 E0.44948
G1 X152.781 Y108.474 E0.36851
G1 X152.453 Y107.881 E0.3248
G1 X152.045 Y107.171 E0.39248
G1 X151.687 Y106.573 E0.33405
G1 X151.3 Y105.959 E0.34786
G1 X150.455 Y104.701 E0.72634
G1 X149.974 Y104.034 E0.39414
G1 X149.57 Y103.493 E0.32362
G1 X148.876 Y102.601 E0.54168
G1 X148.134 Y101.715 E0.5539
G1 X147.353 Y100.825 E0.56752
G1 X146.013 Y99.444 E0.92228
G1 X145.546 Y98.99 E0.31217
G1 X144.401 Y97.942 E0.74395
G1 X143.222 Y96.945 E0.74004
G1 X142.649 Y96.49 E0.35069
G1 X141.358 Y95.521 E0.77367
G1 X140.749 Y95.094 E0.35649
G1 X140.146 Y94.687 E0.34868
G1 X138.817 Y93.843 E0.75457
G1 X137.176 Y92.886 E0.91049
G1 X137.177 Y96.052 E1.51743
G1 X137.073 Y96.978 E0.44661
G1 X136.723 Y98.062 E0.54596
G1 X136.391 Y98.776 E0.3774
G1 X135.984 Y99.348 E0.33647
G1 X135.984 Y120.652 E10.2108
G1 X136.257 Y121.035 E0.22543
G1 X136.559 Y121.575 E0.29654
G1 X136.957 Y122.553 E0.50607
G1 X137.107 Y123.321 E0.37505
G1 X137.176 Y123.956 E0.30614
G1 X137.177 Y127.092 E1.50305
G1 X137.519 Y126.902 E0.18751
G0 F144 X138.156 Y126.547
G0 F36000 X137.849 Y126.022
G0 X132.498 Y128.769
;TYPE:WALL-OUTER
G1 F171.3 X132.142 Y129.041 E0.22568
G1 F170.7 X131.207 Y129.374 E0.50164
G1 F170.9 X130.265 Y129.682 E0.50043
G1 F170.8 X128.919 Y130.08 E0.70906
G1 F170.7 X127.525 Y130.434 E0.72691
G1 F170.8 X126.415 Y130.679 E0.57424
G1 F170.9 X125.401 Y130.866 E0.52039
G1 X124 Y131.081 E0.71535
G1 X123.271 Y131.175 E0.37097
G1 X121.891 Y131.308 E0.6997
G1 X120.992 Y131.364 E0.4546
G1 F171 X119.551 Y131.412 E0.72732
G1 F171.1 X118.265 Y131.402 E0.64844
G1 F171.2 X116.303 Y131.344 E0.98923
G1 X116.303 Y135.553 E2.12123
G1 F171.1 X118.809 Y135.619 E1.264
G1 F171 X119.62 Y135.62 E0.40911
G1 F170.9 X120.488 Y135.598 E0.43821
G1 F170.9 X121.39 Y135.56 E0.45574
G1 X122.271 Y135.503 E0.44567
G1 F170.9 X123.086 Y135.43 E0.41317
G1 F170.9 X123.937 Y135.338 E0.4321
G1 F170.9 X124.81 Y135.222 E0.44468
G1 F170.8 X125.645 Y135.095 E0.42667
G1 X126.516 Y134.947 E0.44631
G1 F170.9 X127.345 Y134.788 E0.42602
G1 F170.8 X128.525 Y134.534 E0.60961
G1 F170.7 X130.098 Y134.129 E0.82094
G1 F170.8 X131.579 Y133.686 E0.78091
G1 F170.9 X132.355 Y133.432 E0.41228
G1 F170.9 X133.392 Y133.066 E0.55514
G1 F170.5 X133.962 Y132.842 E0.30983
G1 F171.1 X134.768 Y132.548 E0.43259
G1 F174.1 X136.345 Y131.922 E0.84066
G1 F177.3 X137.139 Y131.582 E0.4204
G1 F179.2 X137.937 Y131.209 E0.42409
G1 F180 X138.693 Y130.819 E0.40772
G1 X139.468 Y130.401 E0.42203
G1 X140.116 Y130.035 E0.3567
G1 X140.89 Y129.578 E0.43081
G1 X141.669 Y129.091 E0.44032
G1 X142.337 Y128.659 E0.38128
G1 X143.04 Y128.184 E0.40664
G1 X144.362 Y127.233 E0.78053
G1 X145.099 Y126.668 E0.44509
G1 X145.762 Y126.139 E0.40652
G1 X146.408 Y125.605 E0.40171
G1 X147.053 Y125.047 E0.40877
G1 X147.621 Y124.536 E0.36619
G1 X148.302 Y123.901 E0.44628
G1 X148.9 Y123.322 E0.39895
G1 X149.49 Y122.725 E0.40229
G1 X150.056 Y122.128 E0.39429
G1 X150.632 Y121.499 E0.40878
G1 X151.183 Y120.868 E0.40151
G1 X151.71 Y120.245 E0.3911
G1 X152.236 Y119.593 E0.40151
G1 X152.762 Y118.918 E0.41015
G1 X153.262 Y118.25 E0.39992
G1 X153.74 Y117.582 E0.39369
G1 X154.197 Y116.912 E0.38871
G1 X154.667 Y116.196 E0.4105
G1 X155.11 Y115.496 E0.39704
G1 X155.534 Y114.791 E0.3943
G1 X155.945 Y114.072 E0.39694
G1 X156.331 Y113.367 E0.38523
G1 X156.743 Y112.573 E0.42874
G1 X157.268 Y111.522 E0.56308
G1 X157.461 Y110.887 E0.3181
G1 X157.57 Y110.116 E0.37321
G1 X157.533 Y109.449 E0.32018
G1 X157.399 Y108.885 E0.27784
G1 X157.19 Y108.329 E0.28469
G1 X156.712 Y107.362 E0.51701
G1 X156.285 Y106.545 E0.44184
G1 X155.94 Y105.921 E0.34174
G1 X155.522 Y105.192 E0.40276
G1 X155.095 Y104.479 E0.39833
G1 X154.662 Y103.792 E0.38922
G1 X154.203 Y103.096 E0.3996
G1 X153.73 Y102.405 E0.40135
G1 X153.245 Y101.729 E0.39876
G1 X152.752 Y101.069 E0.39484
G1 X151.988 Y100.086 E0.59671
G1 X151.17 Y99.111 E0.60999
G1 X150.301 Y98.121 E0.63137
G1 X148.884 Y96.657 E0.97653
G1 X148.302 Y96.09 E0.38944
G1 X147.043 Y94.938 E0.81791
G1 X145.748 Y93.843 E0.81282
G1 X145.104 Y93.332 E0.39403
G1 X143.728 Y92.298 E0.82495
G1 X143.037 Y91.812 E0.4049
G1 X142.347 Y91.347 E0.3988
G1 X140.901 Y90.428 E0.82118
G1 X139.572 Y89.652 E0.73761
G1 X138.68 Y89.17 E0.48595
G1 X137.89 Y88.766 E0.42528
G1 F178.1 X136.684 Y88.23 E0.63918
G1 F174.7 X135.496 Y87.744 E0.63396
G1 F171.9 X134.723 Y87.446 E0.41573
G1 F170.1 X134.188 Y87.254 E0.28823
G1 F169.8 X133.945 Y87.148 E0.13469
G1 F170.5 X133.152 Y86.844 E0.42964
G1 F170.9 X132.336 Y86.557 E0.43656
G1 X131.493 Y86.286 E0.4469
G1 X130.656 Y86.032 E0.44145
G1 F170.9 X129.831 Y85.802 E0.43245
G1 F170.8 X128.994 Y85.584 E0.43694
G1 X128.146 Y85.384 E0.44014
G1 F170.9 X127.297 Y85.199 E0.43854
G1 F170.9 X126.022 Y84.958 E0.65519
G1 F170.8 X124.636 Y84.748 E0.70799
G1 F170.9 X123.901 Y84.655 E0.37408
G1 F170.8 X123.066 Y84.567 E0.42415
G1 F170.9 X122.204 Y84.492 E0.4369
G1 F170.9 X121.341 Y84.434 E0.43653
G1 X120.495 Y84.398 E0.42736
G1 X119.594 Y84.377 E0.45485
G1 F171 X118.753 Y84.378 E0.42425
G1 F171.1 X116.303 Y84.445 E1.23578
G1 F171.2 X116.303 Y88.654 E2.12123
G1 X118.321 Y88.593 E1.01748
G1 F171.1 X119.754 Y88.589 E0.72254
G1 F171 X121.15 Y88.642 E0.70472
G1 F170.9 X121.921 Y88.695 E0.39004
G1 X123.28 Y88.824 E0.68896
G1 F170.9 X124.168 Y88.938 E0.45206
G1 F170.8 X125.344 Y89.119 E0.60108
G1 F170.9 X126.496 Y89.334 E0.59173
G1 F170.9 X127.541 Y89.568 E0.54046
G1 X128.98 Y89.935 E0.7495
G1 X129.643 Y90.125 E0.34808
G1 X130.351 Y90.342 E0.37373
G1 X131.264 Y90.642 E0.48502
G1 F170.6 X132.229 Y90.988 E0.51837
G1 F170.5 X132.5 Y91.209 E0.1769
G1 F172.7 X132.909 Y91.731 E0.33119
G1 F176.4 X133.096 Y92.216 E0.25424
G1 F179.1 X133.173 Y92.726 E0.24851
G1 F180 X133.172 Y95.905 E1.52366
G1 X133.122 Y96.237 E0.16092
G1 X133.025 Y96.536 E0.15066
G1 X132.739 Y97.022 E0.27028
G1 X132.509 Y97.264 E0.16002
G1 X132.07 Y97.562 E0.25431
G1 X131.984 Y97.582 E0.04232
G1 X131.984 Y122.418 E11.90365
G1 X132.071 Y122.438 E0.04279
G1 X132.51 Y122.737 E0.25458
G1 X132.739 Y122.979 E0.15969
G1 X132.971 Y123.343 E0.20688
G1 X133.077 Y123.604 E0.13502
G1 X133.172 Y124.1 E0.24205
G1 X133.172 Y127.278 E1.52318
G1 F179.2 X133.068 Y127.854 E0.2818
G1 F177.3 X132.946 Y128.168 E0.16396
G1 F175.1 X132.934 Y128.188 E0.01149
G0 F144 X132.751 Y128.489
G0 X132.498 Y128.769
G0 F36000 X132.142 Y129.041
G0 X131.207 Y129.374
G0 X131.151 Y129.392
G0 X131.615 Y130.825
G0 X144.755 Y110
;TYPE:SKIN
G1 F151.4 X144.458 Y110.514 E0.3383
G1 X143.864 Y110.514 E0.33851
G1 X143.567 Y110 E0.3383
G1 X143.864 Y109.486 E0.3383
G1 X144.458 Y109.486 E0.33851
G1 X144.755 Y110 E0.3383
G0 F36000 X141.383 Y119.634
G1 F180 X140.26 Y120.547 E0.69368
G1 X139.913 Y119.784 E0.40174
G1 X139.784 Y119.557 E0.12514
G1 X139.784 Y100.445 E9.1602
G1 X139.871 Y100.291 E0.08477
G1 X140.262 Y99.449 E0.44495
G1 X140.774 Y99.855 E0.31319
G1 X141.884 Y100.792 E0.69622
G1 X142.871 Y101.693 E0.64052
G1 X143.311 Y102.117 E0.29287
G1 X144.571 Y103.415 E0.86703
G1 X145.226 Y104.165 E0.47725
G1 X145.919 Y104.986 E0.51494
G1 X146.488 Y105.722 E0.44588
G1 X147.339 Y106.877 E0.68761
G1 X148.106 Y108.022 E0.66054
G1 X148.752 Y109.073 E0.59128
G1 X149.278 Y110.002 E0.51168
G1 X148.82 Y110.82 E0.44933
G1 X148.525 Y111.305 E0.27208
G1 X147.716 Y112.571 E0.72009
G1 X147.36 Y113.091 E0.30204
G1 X146.583 Y114.152 E0.63031
G1 X146.176 Y114.677 E0.31839
G1 X145.701 Y115.265 E0.36229
G1 X144.817 Y116.297 E0.65128
G1 X143.884 Y117.295 E0.6548
G1 X143.461 Y117.726 E0.28944
G1 X142.639 Y118.518 E0.54709
G1 X141.925 Y119.162 E0.46085
G1 X141.383 Y119.634 E0.34447
G0 F36000 X141.687 Y119.101
G0 X133.514 Y117.716
G0 X116.59 Y117.716
G0 X109.416 Y117.716
;TYPE:WALL-INNER
G1 F143.5 X109.416 Y103.009 E8.83935
G0 F144 X109.416 Y102.28
G0 F36000 X112.345 Y120.647
G0 X113.924 Y122.224
;TYPE:WALL-OUTER
G1 F180 X113.924 Y97.772 E11.71961
G1 X104.908 Y97.772 E4.32128
G1 X104.908 Y122.224 E11.71961
G1 X113.195 Y122.224 E3.97188
G0 F144 X113.924 Y122.224
G0 F36000 X113.924 Y120.724
;MESH:NONMESH
G0 F600 Z33
G0 F36000 X112.345 Y120.647
G0 X129.319 Y120.704
G0 X142.352 Y122.966
G0 X143.16 Y123.984
;TIME_ELAPSED:3207.222032
;LAYER:13
;TYPE:WALL-INNER
;MESH:3DBenchy (6).stl
G1 F180 X143.763 Y123.492 E0.37301
G1 X144.375 Y122.975 E0.38398
G1 X145.273 Y122.181 E0.57452
G1 X146.081 Y121.406 E0.53661
G1 X146.64 Y120.854 E0.37654
G1 X147.157 Y120.319 E0.35658
G1 X147.733 Y119.697 E0.40631
G1 X148.182 Y119.194 E0.32316
G1 X148.766 Y118.514 E0.42962
G1 X149.273 Y117.9 E0.38164
G1 X149.669 Y117.394 E0.30796
G1 X150.59 Y116.156 E0.73955
G1 X151.384 Y114.997 E0.67335
G1 X151.857 Y114.253 E0.42255
G1 X152.654 Y112.923 E0.74315
G1 X153.037 Y112.228 E0.38034
G1 X153.39 Y111.563 E0.36085
G1 X153.717 Y110.91 E0.35003
G1 X154.147 Y109.998 E0.48326
G1 X153.685 Y109.025 E0.51625
G1 X153.346 Y108.354 E0.36032
G1 X152.98 Y107.664 E0.37435
G1 X152.252 Y106.387 E0.70453
G1 X151.856 Y105.74 E0.36357
G1 X151.457 Y105.112 E0.35661
G1 X150.585 Y103.834 E0.74153
G1 X150.026 Y103.068 E0.4545
G1 X149.178 Y101.981 E0.66077
G1 X148.722 Y101.426 E0.34428
G1 X148.208 Y100.828 E0.37794
G1 X147.695 Y100.254 E0.36897
G1 X147.184 Y99.708 E0.35842
G1 X146.596 Y99.103 E0.40436
G1 X146.04 Y98.55 E0.37585
G1 X145.497 Y98.033 E0.35935
G1 X144.919 Y97.503 E0.37586
G1 X144.335 Y96.992 E0.37193
G1 X143.418 Y96.21 E0.57762
G1 X142.538 Y95.529 E0.53332
G1 X141.889 Y95.041 E0.38918
G1 X141.886 Y95.844 E0.38487
G1 X141.783 Y96.808 E0.46467
G1 X141.529 Y97.734 E0.46022
G1 X141.313 Y98.253 E0.26943
G1 X141.076 Y98.705 E0.24461
G1 X140.569 Y99.442 E0.42875
G1 X140.05 Y100.011 E0.36912
G1 X139.554 Y100.438 E0.31369
G1 X138.989 Y100.826 E0.3285
G1 X138.045 Y101.308 E0.50802
G1 X137.238 Y101.535 E0.4018
G1 X136.61 Y101.645 E0.30558
G1 X136.068 Y101.678 E0.26026
G1 X136.068 Y118.318 E7.97539
G1 X136.611 Y118.351 E0.26073
G1 X137.239 Y118.462 E0.30566
G1 X137.78 Y118.614 E0.26934
G1 X138.646 Y118.978 E0.45024
G1 X139.287 Y119.362 E0.35814
G1 X139.816 Y119.771 E0.32049
G1 X140.316 Y120.257 E0.3342
G1 X140.824 Y120.895 E0.39088
G1 X141.184 Y121.486 E0.33167
G1 X141.525 Y122.25 E0.401
G1 X141.705 Y122.832 E0.29198
G1 X141.829 Y123.461 E0.30728
G1 X141.886 Y124.157 E0.3347
G1 X141.888 Y124.958 E0.38391
G1 X142.544 Y124.467 E0.39273
G1 X142.586 Y124.434 E0.0256
G0 F144 X143.16 Y123.984
G0 F36000 X142.777 Y123.513
G0 X137.404 Y127.437
;TYPE:WALL-OUTER
G1 F170.2 X137.009 Y127.703 E0.24143
G1 F171.9 X135.517 Y128.452 E0.83796
G1 F172 X134.187 Y129.06 E0.73367
G1 F171.9 X133.494 Y129.35 E0.37707
G1 F171.7 X132.163 Y129.866 E0.71738
G1 F171.5 X131.428 Y130.127 E0.39233
G1 F171.4 X130.041 Y130.575 E0.7337
G1 F171.2 X129.373 Y130.775 E0.35134
G1 F171.2 X127.909 Y131.154 E0.76214
G1 F171.1 X127.112 Y131.331 E0.41165
G1 F171.1 X126.87 Y131.397 E0.12645
G1 F171.3 X125.161 Y131.721 E0.87622
G1 F171.2 X124.997 Y131.737 E0.08304
G1 F171.1 X124.33 Y131.838 E0.34014
G1 X123.569 Y131.937 E0.38694
G1 X122.168 Y132.081 E0.71012
G1 F171 X120.732 Y132.167 E0.72569
G1 X119.977 Y132.192 E0.38107
G1 F171.1 X119.227 Y132.2 E0.37827
G1 X118.256 Y132.184 E0.48977
G1 X118.256 Y136.386 E2.11921
G1 X118.998 Y136.404 E0.37433
G1 X119.856 Y136.403 E0.43272
G1 F171 X120.749 Y136.379 E0.45064
G1 F170.9 X121.6 Y136.336 E0.43004
G1 F171 X122.541 Y136.273 E0.47587
G1 X123.348 Y136.197 E0.40899
G1 F171 X124.199 Y136.099 E0.43213
G1 F171.1 X125.107 Y135.978 E0.46187
G1 F171.2 X125.991 Y135.843 E0.45068
G1 X126.834 Y135.691 E0.4317
G1 X127.849 Y135.484 E0.52206
G1 X129.403 Y135.117 E0.80472
G1 F171.1 X130.523 Y134.825 E0.5836
G1 F171.2 X131.902 Y134.394 E0.72813
G1 F171.3 X132.776 Y134.103 E0.4638
G1 F171.5 X133.67 Y133.781 E0.47798
G1 X134.38 Y133.51 E0.38227
G1 F171.6 X135.174 Y133.19 E0.43041
G1 F171.8 X135.838 Y132.908 E0.36218
G1 F171.9 X136.766 Y132.49 E0.51075
G1 X137.574 Y132.107 E0.44871
G1 F171.9 X139.149 Y131.304 E0.88737
G1 F170.2 X139.983 Y130.792 E0.49613
G1 F170.7 X141.341 Y130.05 E0.78212
G1 F174.1 X142.087 Y129.611 E0.42897
G1 F177.5 X143.327 Y128.848 E0.70759
G1 F179.9 X144.275 Y128.168 E0.55945
G1 F180 X144.975 Y127.644 E0.41909
G1 X145.682 Y127.088 E0.43109
G1 X146.307 Y126.58 E0.38603
G1 X146.976 Y126.014 E0.42001
G1 X147.984 Y125.124 E0.64449
G1 X148.907 Y124.236 E0.61388
G1 X149.482 Y123.668 E0.38738
G1 X150.06 Y123.071 E0.39827
G1 X150.656 Y122.429 E0.41986
G1 X151.191 Y121.83 E0.38493
G1 X151.843 Y121.07 E0.47994
G1 X152.324 Y120.49 E0.36114
G1 X152.839 Y119.835 E0.39935
G1 X153.855 Y118.468 E0.81633
G1 X154.722 Y117.201 E0.73583
G1 X155.253 Y116.367 E0.47387
G1 X155.736 Y115.572 E0.44585
G1 X156.127 Y114.907 E0.36974
G1 X156.534 Y114.174 E0.40184
G1 X156.927 Y113.433 E0.40201
G1 X157.302 Y112.686 E0.40061
G1 X157.869 Y111.489 E0.63482
G1 X158.052 Y110.867 E0.31075
G1 X158.15 Y110.122 E0.36015
G1 X158.097 Y109.354 E0.36897
G1 X157.993 Y108.917 E0.2153
G1 X157.806 Y108.379 E0.27299
G1 X157.291 Y107.291 E0.57694
G1 X156.915 Y106.546 E0.39997
G1 X156.522 Y105.803 E0.40286
G1 X156.082 Y105.018 E0.43131
G1 X155.689 Y104.34 E0.3756
G1 X155.25 Y103.623 E0.40295
G1 X154.805 Y102.923 E0.39756
G1 X153.845 Y101.516 E0.81638
G1 X153.219 Y100.658 E0.50905
G1 X152.302 Y99.482 E0.71475
G1 X151.784 Y98.852 E0.39092
G1 X151.216 Y98.191 E0.41771
G1 X150.647 Y97.554 E0.40937
G1 X150.08 Y96.948 E0.39776
G1 X149.468 Y96.318 E0.42097
G1 X148.856 Y95.709 E0.41381
G1 X148.253 Y95.133 E0.39968
G1 X147.609 Y94.542 E0.41894
G1 X146.932 Y93.95 E0.43104
G1 X145.942 Y93.105 E0.62384
G1 X144.944 Y92.334 E0.60445
G1 X144.228 Y91.796 E0.42925
G1 F179.8 X142.927 Y90.876 E0.76448
G1 F178.2 X141.986 Y90.295 E0.53535
G1 F175.1 X140.596 Y89.495 E0.7902
G1 F172.1 X139.622 Y88.975 E0.55354
G1 F171.3 X139.292 Y88.773 E0.19486
G1 F172.2 X138.777 Y88.495 E0.29326
G1 X137.728 Y87.963 E0.58939
G1 F171.9 X136.686 Y87.468 E0.5789
G1 X135.934 Y87.13 E0.41373
G1 F171.8 X135.139 Y86.793 E0.43372
G1 F171.7 X134.327 Y86.466 E0.4399
G1 F171.6 X133.522 Y86.162 E0.43263
G1 F171.4 X132.682 Y85.861 E0.44905
G1 F171.4 X131.877 Y85.593 E0.42708
G1 F171.3 X130.459 Y85.158 E0.74715
G1 F171.1 X129.355 Y84.867 E0.57566
G1 F171 X127.644 Y84.471 E0.88593
G1 X126.787 Y84.302 E0.44064
G1 F171 X125.918 Y84.145 E0.44557
G1 F171 X125.064 Y84.013 E0.43592
G1 X124.175 Y83.897 E0.45226
G1 X123.302 Y83.796 E0.44332
G1 F170.9 X122.155 Y83.686 E0.58154
G1 F170.9 X120.237 Y83.597 E0.96927
G1 F171 X119.002 Y83.594 E0.62315
G1 X118.258 Y83.613 E0.37552
G1 X118.257 Y87.803 E2.11416
G1 X119.959 Y87.804 E0.85878
G1 F171 X120.705 Y87.83 E0.37655
G1 F171.2 X120.891 Y87.828 E0.09374
G1 F171.1 X121.823 Y87.89 E0.47108
G1 F170.9 X122.927 Y87.99 E0.55946
G1 F171.1 X124.365 Y88.164 E0.73035
G1 F171 X125.226 Y88.298 E0.43956
G1 F171.1 X126.497 Y88.529 E0.65135
G1 F171.2 X127.976 Y88.86 E0.76382
G1 X129.328 Y89.21 E0.70383
G1 F171.3 X130.735 Y89.637 E0.7405
G1 F171.5 X131.504 Y89.896 E0.40827
G1 F171.6 X132.878 Y90.402 E0.73617
G1 F171.8 X134.136 Y90.917 E0.68279
G1 F171.9 X134.997 Y91.299 E0.47268
G1 F172.2 X136.851 Y92.199 E1.03222
G1 F171.7 X137.233 Y92.428 E0.22382
G1 F172.1 X137.577 Y92.843 E0.27024
G1 F174.2 X137.736 Y93.147 E0.16994
G1 F176 X137.835 Y93.457 E0.15956
G1 F178.2 X137.885 Y93.881 E0.20667
G1 F179.8 X137.888 Y95.74 E0.89189
G1 F180 X137.769 Y96.37 E0.30729
G1 X137.618 Y96.694 E0.17133
G1 X137.276 Y97.129 E0.26521
G1 X136.922 Y97.401 E0.21397
G1 X136.338 Y97.637 E0.3019
G1 X135.888 Y97.688 E0.21706
G1 X132.068 Y97.688 E1.83089
G1 X132.068 Y122.308 E11.80013
G1 X136.05 Y122.308 E1.90853
G1 X136.674 Y122.468 E0.30875
G1 X137.198 Y122.795 E0.29604
G1 X137.534 Y123.17 E0.24133
G1 X137.767 Y123.622 E0.24373
G1 F180 X137.888 Y124.099 E0.23592
G1 F179.8 X137.89 Y125.934 E0.88038
G1 F177.5 X137.866 Y126.482 E0.26658
G1 F174.1 X137.774 Y126.812 E0.16978
G0 F144 X137.773 Y126.814
G0 X137.621 Y127.135
G0 X137.404 Y127.437
G0 F36000 X137.009 Y127.703
G0 X136.094 Y128.162
G0 X136.772 Y129.527
G0 X144.419 Y117.677
;TYPE:SKIN
G1 F180 X143.708 Y118.406 E0.48807
G1 X143.239 Y117.81 E0.3635
G1 X142.458 Y117.016 E0.5338
G1 X141.259 Y116.083 E0.72816
G1 X140.317 Y115.564 E0.51548
G1 X139.865 Y115.353 E0.23908
G1 X139.867 Y104.636 E5.13655
G1 X140.312 Y104.43 E0.23503
G1 X140.967 Y104.07 E0.35823
G1 X141.873 Y103.445 E0.52754
G1 X142.862 Y102.6 E0.62347
G1 X143.719 Y101.602 E0.63049
G1 X144.861 Y102.784 E0.78774
G1 X145.327 Y103.305 E0.33502
G1 X145.797 Y103.852 E0.34566
G1 X146.179 Y104.318 E0.2888
G1 X147.002 Y105.369 E0.6398
G1 X147.472 Y106.016 E0.38329
G1 X148.284 Y107.206 E0.69048
G1 X148.997 Y108.348 E0.64527
G1 X149.639 Y109.478 E0.6229
G1 X149.921 Y110.01 E0.28859
G1 X149.379 Y110.988 E0.53592
G1 X148.693 Y112.136 E0.64098
G1 X148.216 Y112.888 E0.42682
G1 X147.609 Y113.781 E0.51752
G1 X147.608 Y113.795 E0.00673
G1 X146.707 Y115.004 E0.72268
G1 X146.259 Y115.582 E0.3505
G1 X145.354 Y116.648 E0.67022
G1 X144.922 Y117.134 E0.31166
G1 X144.419 Y117.677 E0.35476
G0 F36000 X141.865 Y112.693
G1 F180 X146.467 Y108.092 E3.11898
G0 F36000 X144.032 Y104.87
G1 F180 X141.867 Y107.035 E1.46748
G0 F36000 X133.598 Y102.196
G0 X116.506 Y102.196
G0 X109.332 Y102.196
;TYPE:WALL-INNER
G1 F143.5 X109.332 Y117.071 E8.94032
G0 F144 X109.332 Y117.8
G0 F36000 X113.84 Y122.308
;TYPE:WALL-OUTER
G1 F180 X113.84 Y97.688 E11.80013
G1 X104.824 Y97.688 E4.32128
G1 X104.824 Y122.308 E11.80013
G1 X113.111 Y122.308 E3.97188
G0 F144 X113.84 Y122.308
G0 F36000 X113.84 Y120.808
;MESH:NONMESH
G0 F600 Z35.4
G0 F36000 X112.261 Y120.731
G0 X112.311 Y102.269
G0 X129.403 Y102.269
G0 X135.842 Y101.294
;TIME_ELAPSED:3350.533927
;LAYER:14
;TYPE:WALL-INNER
;MESH:3DBenchy (6).stl
G1 F213 X135.842 Y117.973 E6.755
G0 F144 X135.842 Y118.702
G0 F36000 X146.817 Y116.07
G0 X150.851 Y116.259
G1 F157.5 X151.311 Y115.58 E0.4492
G1 X151.735 Y114.927 E0.42643
G1 X152.134 Y114.287 E0.41308
G1 X152.834 Y113.091 E0.75901
G1 X153.271 Y112.276 E0.5065
G1 X153.623 Y111.59 E0.4223
G1 X153.966 Y110.887 E0.42843
G1 X154.374 Y110.002 E0.53375
G1 X153.951 Y109.07 E0.56058
G1 X153.131 Y107.431 E1.00378
G1 X152.518 Y106.358 E0.67684
G1 X152.121 Y105.688 E0.42655
G1 X151.719 Y105.041 E0.4172
G1 X151.297 Y104.391 E0.42446
G1 X150.42 Y103.133 E0.83992
G1 X149.955 Y102.507 E0.42711
G1 X149.569 Y102.009 E0.3451
G1 X149.569 Y117.992 E8.75403
G1 X149.962 Y117.481 E0.35308
G1 X150.422 Y116.849 E0.42813
G0 F144 X150.851 Y116.259
G0 F36000 X150.59 Y116.07
G0 X138.002 Y120.815
G0 X139.885 Y123.182
;TYPE:WALL-OUTER
G1 F202 X140.131 Y123.563 E0.19373
G0 F36000 X137.952 Y120.815
G0 X139.32 Y122.719
G1 F198.5 X139.885 Y123.182 E0.31755
G1 X139.697 Y122.476 E0.3176
G1 F192.4 X139.626 Y121.424 E0.47276
G1 F187.3 X139.595 Y120.517 E0.41801
G1 F184.3 X139.563 Y119.609 E0.42523
G1 F181.4 X139.532 Y118.702 E0.4316
G1 F180 X139.532 Y101.294 E8.34348
G1 F181.4 X139.562 Y100.391 E0.42979
G1 F184.2 X139.593 Y99.487 E0.42367
G1 F187.1 X139.623 Y98.584 E0.41658
G1 F192.4 X139.699 Y97.524 E0.4765
G1 F198.9 X139.887 Y96.826 E0.31355
G1 F201.9 X139.959 Y96.694 E0.06425
G1 X139.868 Y96.814 E0.06435
G1 F198.9 X139.31 Y97.273 E0.3134
G1 F192.4 X138.552 Y97.513 E0.3565
G1 F187.1 X137.649 Y97.543 E0.41658
G1 F184.2 X136.745 Y97.574 E0.42367
G1 F181.4 X135.842 Y97.604 E0.42979
G1 F180 X132.152 Y97.604 E1.76858
G1 X132.152 Y122.392 E11.88065
G1 X135.842 Y122.392 E1.76858
G1 F181.4 X136.749 Y122.423 E0.4316
G1 F184.3 X137.657 Y122.455 E0.42523
G1 F187.3 X138.564 Y122.486 E0.41801
G1 F192.4 X138.623 Y122.504 E0.02766
G0 F144 X139.32 Y122.719
G0 F36000 X139.885 Y123.182
G0 X139.697 Y122.476
G0 X139.695 Y122.438
G0 X137.952 Y120.815
G0 X140.739 Y126.121
G1 F165.9 X140.407 Y126.464 E0.24818
G1 F171.1 X140.024 Y126.779 E0.25004
G1 F173 X139.179 Y127.304 E0.49623
G1 F172.9 X138.072 Y127.954 E0.6405
G1 F172.8 X137.246 Y128.407 E0.47026
G1 F172.7 X135.93 Y129.074 E0.73719
G1 F172.5 X134.626 Y129.679 E0.71896
G1 F172.3 X133.914 Y129.985 E0.38796
G1 F172.2 X133.176 Y130.288 E0.39957
G1 F172.1 X131.859 Y130.78 E0.70483
G1 F172 X131.1 Y131.045 E0.40323
G1 F171.9 X130.414 Y131.266 E0.36167
G1 F171.8 X129.675 Y131.488 E0.3874
G1 F171.7 X128.243 Y131.874 E0.74532
G1 F171.5 X127.509 Y132.048 E0.37945
G1 F171.5 X126.087 Y132.342 E0.73059
G1 F171.3 X125.345 Y132.472 E0.37928
G1 F171.3 X124.594 Y132.591 E0.38302
G1 X123.851 Y132.693 E0.37778
G1 F171.2 X122.385 Y132.849 E0.74282
G1 F171.1 X121.639 Y132.906 E0.37724
G1 F171 X120.906 Y132.948 E0.37037
G1 X120.101 Y132.974 E0.4063
G1 X120.101 Y137.176 E2.11971
G1 X120.9 Y137.152 E0.40324
G1 X122.209 Y137.088 E0.66112
G1 F171.1 X123.643 Y136.948 E0.72631
G1 F171.2 X124.472 Y136.852 E0.42049
G1 F171.2 X125.31 Y136.734 E0.4265
G1 F171.3 X126.197 Y136.59 E0.45266
G1 F171.3 X127.073 Y136.429 E0.44856
G1 X127.921 Y136.256 E0.43586
G1 F171.4 X128.832 Y136.051 E0.47004
G1 F171.5 X129.68 Y135.837 E0.44003
G1 F171.5 X130.517 Y135.608 E0.4365
G1 F171.7 X131.371 Y135.353 E0.44789
G1 F171.8 X132.189 Y135.096 E0.43047
G1 F171.9 X133.05 Y134.8 E0.45688
G1 X133.908 Y134.487 E0.45831
G1 F172 X134.709 Y134.177 E0.4307
G1 F172.2 X135.545 Y133.833 E0.45278
G1 F172.3 X136.331 Y133.491 E0.42912
G1 X137.175 Y133.102 E0.46524
G1 X138.045 Y132.684 E0.4832
G1 X138.051 Y132.689 E0.00391
G1 F172.5 X139.538 Y131.906 E0.84051
G1 F172.7 X140.308 Y131.474 E0.44094
G1 F172.8 X141.052 Y131.033 E0.43173
G1 F173 X141.814 Y130.567 E0.44555
G1 F172.9 X142.556 Y130.08 E0.44294
G1 F171 X143.27 Y129.553 E0.44766
G1 F165.9 X144.02 Y128.913 E0.51261
G1 F165.4 X144.652 Y128.542 E0.38216
G1 F170.3 X145.293 Y128.113 E0.39066
G1 F173 X145.955 Y127.615 E0.41303
G1 F173.8 X146.739 Y126.969 E0.50418
G1 X147.453 Y126.353 E0.46802
G1 F173 X148.072 Y125.765 E0.42577
G1 X148.712 Y125.193 E0.42807
G1 F174.6 X149.365 Y124.582 E0.4418
G1 F176.3 X149.977 Y123.99 E0.41667
G1 F178 X150.572 Y123.39 E0.40966
G1 F179.4 X151.176 Y122.744 E0.42536
G1 F180 X151.754 Y122.078 E0.42266
G1 X152.332 Y121.39 E0.43068
G1 X152.888 Y120.704 E0.42322
G1 X153.38 Y120.066 E0.38615
G1 X153.916 Y119.34 E0.43252
G1 X154.362 Y118.716 E0.36762
G1 X154.877 Y117.958 E0.43922
G1 X155.369 Y117.197 E0.43433
G1 X155.792 Y116.521 E0.3822
G1 X156.571 Y115.189 E0.73958
G1 X157.057 Y114.286 E0.4915
G1 X157.447 Y113.525 E0.40985
G1 X157.826 Y112.747 E0.41478
G1 X158.452 Y111.381 E0.72019
G1 X158.626 Y110.636 E0.36668
G1 X158.681 Y110.086 E0.26492
G1 X158.665 Y109.579 E0.24312
G1 X158.529 Y108.922 E0.32157
G1 X158.363 Y108.424 E0.2516
G1 X157.824 Y107.236 E0.62526
G1 X157.421 Y106.419 E0.43663
G1 X156.992 Y105.585 E0.44951
G1 X157.001 Y105.569 E0.0088
G1 X156.208 Y104.179 E0.76701
G1 X155.759 Y103.422 E0.42184
G1 X155.313 Y102.708 E0.40349
G1 X154.832 Y101.969 E0.42261
G1 X154.382 Y101.314 E0.38088
G1 X153.862 Y100.58 E0.43114
G1 X153.34 Y99.879 E0.4189
G1 X152.815 Y99.204 E0.40986
G1 X152.272 Y98.532 E0.41409
G1 X151.753 Y97.91 E0.38827
G1 X151.169 Y97.246 E0.42383
G1 F179.6 X150.566 Y96.597 E0.42566
G1 F178.4 X149.946 Y95.969 E0.42688
G1 F176.8 X149.326 Y95.368 E0.42141
G1 F175.2 X148.686 Y94.769 E0.43159
G1 F173.6 X147.95 Y94.112 E0.49036
G1 F173.4 X147.404 Y93.602 E0.37179
G1 F173.9 X146.735 Y93.026 E0.43793
G1 F173.8 X145.99 Y92.415 E0.47819
G1 F173.2 X145.368 Y91.936 E0.39114
G1 F170.4 X144.639 Y91.446 E0.44478
G1 F165.4 X144.007 Y91.079 E0.38128
G1 F165.9 X143.25 Y90.433 E0.51752
G1 F170.9 X142.52 Y89.894 E0.45797
G1 F172.8 X141.779 Y89.411 E0.44164
G1 F173 X141.033 Y88.952 E0.43692
G1 F172.8 X140.283 Y88.513 E0.43381
G1 F172.7 X139.494 Y88.07 E0.45191
G1 F172.7 X138.717 Y87.658 E0.43933
G1 F172.6 X137.932 Y87.259 E0.4402
G1 F172.5 X137.002 Y86.813 E0.51585
G1 X136.284 Y86.484 E0.395
G1 F172.4 X135.471 Y86.132 E0.4433
G1 F172.2 X134.674 Y85.806 E0.43129
G1 F172.1 X133.869 Y85.497 E0.43229
G1 F171.9 X133.009 Y85.182 E0.4596
G1 F171.8 X132.204 Y84.905 E0.42741
G1 X131.393 Y84.648 E0.42712
G1 F171.8 X130.481 Y84.381 E0.47732
G1 F171.6 X129.642 Y84.153 E0.43713
G1 F171.5 X128.78 Y83.936 E0.44713
G1 F171.5 X127.921 Y83.737 E0.44364
G1 F171.5 X126.912 Y83.537 E0.51742
G1 F171.4 X125.576 Y83.3 E0.68301
G1 F171.1 X123.89 Y83.068 E0.85791
G1 F171.1 X122.204 Y82.912 E0.85394
G1 F171.1 X120.881 Y82.843 E0.66798
G1 X120.1 Y82.82 E0.39396
G1 X120.101 Y87.023 E2.11921
G1 X120.96 Y87.051 E0.43335
G1 X121.681 Y87.094 E0.36418
G1 X123.175 Y87.224 E0.75614
G1 F171.2 X124.632 Y87.411 E0.74031
G1 F171.3 X125.361 Y87.526 E0.37159
G1 F171.4 X126.121 Y87.66 E0.38837
G1 F171.5 X127.089 Y87.852 E0.4964
G1 X128.297 Y88.14 E0.62467
G1 F171.7 X129.723 Y88.522 E0.74171
G1 F171.9 X130.463 Y88.745 E0.38784
G1 X131.144 Y88.968 E0.35959
G1 F172 X131.851 Y89.214 E0.37547
G1 F172.1 X133.203 Y89.72 E0.72372
G1 F172.2 X133.922 Y90.013 E0.38887
G1 F172.4 X134.61 Y90.307 E0.37438
G1 F172.5 X135.341 Y90.644 E0.40258
G1 F172.6 X136.629 Y91.271 E0.71611
G1 F172.7 X137.284 Y91.612 E0.3688
G1 F172.8 X137.942 Y91.972 E0.37441
G1 F173 X139.241 Y92.73 E0.75004
G1 F172.8 X140.076 Y93.268 E0.49584
G1 F170.9 X140.393 Y93.529 E0.20724
G1 F165.9 X140.731 Y93.878 E0.25265
G1 F163.8 X140.778 Y94.059 E0.0985
G1 F170.9 X140.775 Y94.654 E0.3003
G1 F180.6 X140.703 Y95.098 E0.21483
G1 F186.4 X140.591 Y95.421 E0.1582
G1 F193.2 X140.299 Y96.112 E0.33501
G1 F200 X140.125 Y96.434 E0.15788
G1 X140.348 Y96.143 E0.15815
G1 F194.6 X140.725 Y95.827 E0.21809
G1 F187.8 X141.257 Y95.491 E0.28906
G1 F180.6 X141.651 Y95.276 E0.21437
G1 F170.9 X142.212 Y95.077 E0.30042
G1 F163.8 X142.399 Y95.062 E0.09882
G1 F165.4 X142.737 Y95.215 E0.19356
G1 F170.7 X143.2 Y95.484 E0.27063
G1 F173.6 X143.967 Y96.108 E0.49144
G1 F173.6 X144.888 Y96.893 E0.60133
G1 F173.9 X145.146 Y97.355 E0.2625
G1 F175.2 X145.263 Y97.728 E0.19247
G1 F176.8 X145.305 Y98.087 E0.1764
G1 F178.7 X145.285 Y99.492 E0.67819
G1 F180 X145.284 Y120.506 E10.07181
G1 F178.6 X145.31 Y121.898 E0.67263
G1 F176.3 X145.27 Y122.26 E0.17822
G1 F174.6 X145.152 Y122.642 E0.19752
G1 F173.4 X144.924 Y123.068 E0.24038
G1 F173.5 X143.988 Y123.873 E0.6139
G1 X143.197 Y124.52 E0.50816
G1 F170.7 X142.742 Y124.782 E0.2653
G1 F165.4 X142.403 Y124.937 E0.19438
G1 F163.8 X142.215 Y124.922 E0.09932
G1 F171.1 X141.653 Y124.723 E0.30061
G1 F181 X141.258 Y124.506 E0.21477
G1 F188.3 X140.727 Y124.168 E0.28841
G1 F195.2 X140.361 Y123.864 E0.21025
G1 F200.7 X140.131 Y123.563 E0.16286
G1 X140.311 Y123.896 E0.16274
G1 F193.6 X140.602 Y124.592 E0.33617
G1 F186.8 X140.707 Y124.898 E0.1494
G1 F181 X140.782 Y125.343 E0.21505
G1 F171.1 X140.782 Y125.398 E0.02773
G0 F144 X140.786 Y125.939
G0 X140.739 Y126.121
G0 F36000 X140.407 Y126.464
G0 X140.024 Y126.779
G0 X139.577 Y127.057
G0 X140.381 Y128.359
G0 X139.959 Y96.694
G1 F202.3 X140.125 Y96.434 E0.13155
G0 F36000 X137.952 Y99.185
G0 X129.487 Y102.112
G0 X116.422 Y102.112
G0 X109.248 Y102.112
;TYPE:WALL-INNER
G1 F143.5 X109.248 Y117.155 E9.04129
G0 F144 X109.248 Y117.884
G0 F36000 X113.756 Y122.392
;TYPE:WALL-OUTER
G1 F180 X113.756 Y97.604 E11.88065
G1 X104.74 Y97.604 E4.32128
G1 X104.74 Y122.392 E11.88065
G1 X113.027 Y122.392 E3.97188
G0 F144 X113.756 Y122.392
G0 F36000 X113.756 Y120.892
;MESH:NONMESH
G0 F600 Z37.8
G0 F36000 X112.177 Y120.815
G0 X112.227 Y101.25
G0 X129.487 Y101.25
G0 X135.966 Y101.25
;TIME_ELAPSED:3494.628074
;LAYER:15
;TYPE:WALL-INNER
;MESH:3DBenchy (6).stl
G1 F208.1 X135.966 Y118.017 E6.95136
G0 F144 X135.966 Y118.746
G0 F36000 X139.688 Y122.97
;TYPE:WALL-OUTER
G1 F246.5 X140.222 Y123.259 E0.21252
G1 F271.3 X140.577 Y123.644 E0.16654
G1 X140.367 Y123.164 E0.16661
G1 F246.5 X140.19 Y122.468 E0.25136
G1 F228.6 X140.119 Y121.937 E0.2022
G1 F219.4 X140.049 Y121.405 E0.21095
G1 F211 X139.978 Y120.874 E0.21902
G1 F203.3 X139.908 Y120.343 E0.22731
G1 F196 X139.837 Y119.812 E0.23578
G1 F189.3 X139.767 Y119.28 E0.24458
G1 F183 X139.696 Y118.749 E0.2526
G1 F180 X139.696 Y101.25 E8.3871
G1 F182.9 X139.765 Y100.718 E0.25307
G1 F188.9 X139.834 Y100.187 E0.24458
G1 F195.3 X139.903 Y99.655 E0.237
G1 F202.1 X139.971 Y99.124 E0.22849
G1 F209.5 X140.04 Y98.592 E0.22086
G1 F217.5 X140.109 Y98.061 E0.21244
G1 F226 X140.178 Y97.529 E0.20479
G1 F243.2 X140.358 Y96.832 E0.25532
G1 F257.5 X140.401 Y96.62 E0.07247
G1 X140.225 Y96.746 E0.07252
G1 F243.2 X139.688 Y97.038 E0.2168
G1 F226 X139.156 Y97.107 E0.20479
G1 F217.5 X138.625 Y97.176 E0.21244
G1 F209.5 X138.093 Y97.245 E0.22086
G1 F202.1 X137.562 Y97.313 E0.22849
G1 F195.3 X137.03 Y97.382 E0.237
G1 F188.9 X136.499 Y97.451 E0.24458
G1 F182.9 X135.967 Y97.52 E0.25307
G1 F180 X132.236 Y97.52 E1.78823
G1 X132.236 Y122.476 E11.96117
G1 X135.966 Y122.476 E1.78775
G1 F183 X136.497 Y122.547 E0.2526
G1 F189.3 X137.029 Y122.617 E0.24458
G1 F196 X137.56 Y122.688 E0.23578
G1 F203.3 X138.091 Y122.758 E0.22731
G1 F211 X138.622 Y122.829 E0.21902
G1 F219.4 X138.963 Y122.874 E0.13522
G0 F144 X139.154 Y122.899
G0 X139.685 Y122.97
G0 F36000 X139.688 Y122.97
G0 X140.222 Y123.259
G0 X140.577 Y123.644
G0 X140.431 Y123.309
G0 X140.577 Y123.644
G1 F282.4 X140.748 Y123.907 E0.09585
G0 F36000 X138.119 Y120.899
G0 X143.135 Y127.24
G0 X141.714 Y126.187
G1 F170.7 X141.683 Y126.363 E0.09032
G1 F171 X141.143 Y126.846 E0.36556
G1 F173.7 X139.58 Y127.855 E0.92421
G1 F173.5 X138.285 Y128.626 E0.74926
G1 F173.3 X137.629 Y128.993 E0.37414
G1 F173.2 X136.302 Y129.682 E0.74495
G1 F173 X135.624 Y130.011 E0.37583
G1 F172.9 X134.9 Y130.345 E0.39792
G1 F172.7 X134.221 Y130.644 E0.37053
G1 F172.6 X133.496 Y130.944 E0.39214
G1 F172.5 X132.127 Y131.467 E0.73295
G1 F172.3 X131.401 Y131.722 E0.38522
G1 X130.687 Y131.96 E0.37678
G1 F172.2 X129.5 Y132.32 E0.62126
G1 F172.2 X127.883 Y132.752 E0.83869
G1 F172 X127.69 Y132.784 E0.09813
G1 F171.8 X127.047 Y132.932 E0.33134
G1 F171.8 X126.331 Y133.081 E0.36735
G1 F171.6 X124.8 Y133.343 E0.78094
G1 F171.4 X124.032 Y133.451 E0.3903
G1 F171.3 X123.305 Y133.538 E0.36865
G1 F171.4 X122.625 Y133.606 E0.344
G1 X121.944 Y133.654 E0.34365
G1 X121.943 Y137.884 E2.12927
G1 X122.783 Y137.839 E0.42344
G1 F171.3 X124.585 Y137.615 E0.91428
G1 F171.4 X125.558 Y137.473 E0.49485
G1 F171.5 X126.383 Y137.333 E0.42092
G1 F171.6 X127.26 Y137.171 E0.44839
G1 F171.7 X128.134 Y136.983 E0.44916
G1 F171.9 X129.032 Y136.776 E0.46245
G1 F172 X130.158 Y136.482 E0.58371
G1 X131.621 Y136.048 E0.76541
G1 F172.2 X132.491 Y135.765 E0.45844
G1 F172.2 X133.33 Y135.474 E0.44478
G1 F172.4 X135.057 Y134.812 E0.92547
G1 F172.6 X135.872 Y134.472 E0.44134
G1 F172.7 X136.613 Y134.141 E0.40531
G1 F172.9 X137.523 Y133.718 E0.50081
G1 F173 X138.2 Y133.382 E0.37692
G1 F173.1 X139.29 Y132.816 E0.61206
G1 F173.1 X139.299 Y132.821 E0.00513
G1 F173.2 X141.181 Y131.744 E1.08033
G1 F173.4 X142.195 Y131.106 E0.59602
G1 F173.7 X142.879 Y130.659 E0.40593
G1 F173.7 X143.706 Y130.093 E0.49761
G1 F172.4 X144.402 Y129.552 E0.4411
G1 F169.7 X144.747 Y129.252 E0.23249
G1 F169.5 X145.069 Y129.049 E0.19371
G1 F171.6 X145.704 Y128.604 E0.38995
G1 F173.4 X146.532 Y127.94 E0.52803
G1 F174.5 X147.206 Y127.374 E0.43513
G1 F174.6 X147.885 Y126.775 E0.44732
G1 F174.8 X148.535 Y126.183 E0.43403
G1 F174.9 X149.18 Y125.569 E0.43919
G1 F175.1 X149.778 Y124.975 E0.41539
G1 F175.2 X150.424 Y124.309 E0.45693
G1 F175.3 X151.02 Y123.667 E0.43109
G1 F175.4 X151.623 Y122.993 E0.44483
G1 F175.4 X152.194 Y122.329 E0.43065
G1 F175.6 X152.741 Y121.662 E0.42378
G1 F175.8 X153.364 Y120.873 E0.4934
G1 F175.9 X153.828 Y120.258 E0.37783
G1 F176 X154.274 Y119.647 E0.37072
G1 F176.2 X154.843 Y118.832 E0.48665
G1 F176.3 X155.327 Y118.106 E0.42698
G1 F176.6 X155.919 Y117.173 E0.53993
G1 F176.2 X156.232 Y116.631 E0.30643
G1 F173.6 X156.638 Y115.835 E0.44412
G1 F168.4 X156.955 Y115.095 E0.41237
G1 F161.4 X157.267 Y114.275 E0.46897
G1 F157.6 X157.293 Y114.225 E0.03085
G1 F154.4 X157.594 Y113.407 E0.48711
G1 F148.5 X157.871 Y112.605 E0.49289
G1 F143.3 X158.147 Y111.776 E0.52619
G1 F140 X158.424 Y110.935 E0.54555
G1 F138.3 X158.523 Y110.411 E0.33272
G1 F137.3 X158.554 Y110 E0.25899
G1 F137.5 X158.437 Y109.13 E0.55074
G1 F139.3 X158.122 Y108.161 E0.6312
G1 F143.3 X157.867 Y107.381 E0.49401
G1 F148.6 X157.561 Y106.517 E0.53212
G1 F154.5 X157.289 Y105.758 E0.4502
G1 F161.2 X156.978 Y104.956 E0.46031
G1 F168.2 X156.623 Y104.135 E0.45872
G1 F173.6 X156.22 Y103.342 E0.44212
G1 F176 X155.903 Y102.8 E0.30772
G1 F176.4 X155.295 Y101.842 E0.55484
G1 F176.2 X154.811 Y101.116 E0.42719
G1 F176.1 X154.306 Y100.393 E0.43199
G1 F176 X153.257 Y98.983 E0.86126
G1 F175.8 X152.711 Y98.294 E0.43146
G1 F175.6 X152.181 Y97.649 E0.41012
G1 F175.5 X151.579 Y96.951 E0.45316
G1 F175.4 X150.99 Y96.29 E0.43558
G1 F175.3 X150.391 Y95.652 E0.43076
G1 F175.2 X149.772 Y95.016 E0.43707
G1 F175 X149.142 Y94.392 E0.43711
G1 F174.9 X148.513 Y93.796 E0.42736
G1 F174.8 X147.841 Y93.186 E0.44804
G1 F174.7 X147.081 Y92.518 E0.49976
G1 F174.5 X145.913 Y91.549 E0.7503
G1 F172.6 X145.071 Y90.954 E0.5154
G1 F169.6 X144.755 Y90.753 E0.19049
G1 F169.8 X144.393 Y90.436 E0.24446
G1 F172.5 X143.667 Y89.877 E0.45826
G1 F173.8 X142.925 Y89.369 E0.4463
G1 F173.7 X142.16 Y88.871 E0.45325
G1 F173.6 X141.402 Y88.395 E0.44487
G1 F173.5 X140.651 Y87.948 E0.43469
G1 F173.4 X140.009 Y87.579 E0.3684
G1 F173.3 X139.071 Y87.069 E0.53143
G1 F173.2 X138.247 Y86.639 E0.46307
G1 F173.1 X137.393 Y86.22 E0.47416
G1 F172.9 X136.632 Y85.865 E0.41898
G1 F172.8 X135.819 Y85.504 E0.44404
G1 F172.7 X134.975 Y85.152 E0.45692
G1 F172.5 X134.177 Y84.839 E0.42882
G1 F172.4 X133.291 Y84.511 E0.47285
G1 F172.3 X132.446 Y84.217 E0.4479
G1 F172.2 X131.596 Y83.941 E0.44782
G1 F172 X130.119 Y83.503 E0.7729
G1 F172 X128.971 Y83.206 E0.59477
G1 F171.9 X127.204 Y82.815 E0.90838
G1 F171.6 X126.38 Y82.663 E0.42138
G1 F171.5 X125.454 Y82.507 E0.47236
G1 X124.703 Y82.4 E0.38158
G1 X122.751 Y82.157 E0.98946
G1 X121.944 Y82.114 E0.40651
G1 X121.943 Y86.336 E2.12373
G1 X122.613 Y86.388 E0.33803
G1 X123.364 Y86.464 E0.37969
G1 X124.116 Y86.557 E0.38115
G1 X124.865 Y86.663 E0.38051
G1 F171.6 X126.396 Y86.931 E0.78145
G1 F171.8 X127.681 Y87.209 E0.66038
G1 F172 X127.881 Y87.244 E0.10184
G1 F172.2 X129.568 Y87.699 E0.87556
G1 F172.2 X130.73 Y88.053 E0.60855
G1 F172.3 X131.39 Y88.27 E0.34781
G1 F172.4 X132.156 Y88.541 E0.40657
G1 F172.5 X133.569 Y89.083 E0.75672
G1 F172.7 X134.24 Y89.36 E0.36254
G1 F172.8 X134.969 Y89.683 E0.39802
G1 F173 X135.683 Y90.014 E0.39247
G1 F173.1 X136.323 Y90.324 E0.35438
G1 F173.3 X137.672 Y91.032 E0.75831
G1 F173.5 X138.337 Y91.401 E0.37818
G1 F173.6 X139.64 Y92.18 E0.75454
G1 F173.9 X141.065 Y93.102 E0.84195
G1 F171.2 X141.682 Y93.633 E0.41015
G1 F170.8 X141.713 Y93.809 E0.09028
G1 F180.8 X141.643 Y94.106 E0.14559
G1 F198.2 X141.562 Y94.497 E0.17377
G1 F219.4 X141.383 Y95.039 E0.22447
G1 F243.4 X141.071 Y95.586 E0.2232
G1 F249.7 X141.042 Y95.68 E0.03399
G1 F237.5 X141.606 Y95.204 E0.26812
G1 F219.4 X142.072 Y94.876 E0.2241
G1 F198.2 X142.423 Y94.684 E0.17411
G1 F180.8 X142.687 Y94.531 E0.14559
G1 F170.8 X142.864 Y94.509 E0.0901
G1 F171.2 X143.401 Y94.835 E0.3166
G1 F174.4 X144.425 Y95.671 E0.65402
G1 F174.8 X145.58 Y96.691 E0.7607
G1 F174.9 X146.106 Y97.181 E0.35454
G1 F175.1 X146.669 Y97.726 E0.38608
G1 F175.3 X147.64 Y98.716 E0.68258
G1 F175.4 X148.244 Y99.372 E0.4385
G1 F175.6 X149.114 Y100.37 E0.65059
G1 F175.8 X150.048 Y101.52 E0.72711
G1 F176 X150.978 Y102.764 E0.76118
G1 F176.3 X151.777 Y103.92 E0.68784
G1 F176.5 X152.421 Y104.925 E0.58354
G1 F174.1 X152.735 Y105.569 E0.35507
G1 F168.1 X152.865 Y105.988 E0.22509
G1 F161.1 X152.962 Y106.774 E0.42399
G1 F154.5 X153.057 Y107.575 E0.45039
G1 F148.6 X153.148 Y108.391 E0.47666
G1 F143.3 X153.235 Y109.207 E0.49401
G1 F140 X153.306 Y109.927 E0.44594
G1 F139.9 X153.236 Y110.781 E0.52825
G1 F143.3 X153.15 Y111.593 E0.49174
G1 F148.5 X153.06 Y112.398 E0.47054
G1 F154.4 X152.965 Y113.203 E0.453
G1 F161.1 X152.863 Y114.02 E0.44079
G1 F168.1 X152.739 Y114.424 E0.21683
G1 F174.1 X152.427 Y115.071 E0.35598
G1 F176.6 X151.75 Y116.12 E0.61006
G1 F176.3 X150.959 Y117.259 E0.67843
G1 F176.1 X150.054 Y118.466 E0.73896
G1 F175.8 X149.202 Y119.518 E0.66441
G1 F175.6 X148.22 Y120.647 E0.73528
G1 F175.4 X147.669 Y121.246 E0.40023
G1 F175.4 X147.166 Y121.771 E0.35771
G1 F175.2 X146.623 Y122.319 E0.37983
G1 F175.1 X145.564 Y123.325 E0.71986
G1 F174.8 X144.426 Y124.325 E0.74788
G1 F174.3 X143.399 Y125.163 E0.65595
G1 F171.1 X142.865 Y125.487 E0.31486
G1 F170.7 X142.688 Y125.466 E0.09009
G1 F180.7 X142.423 Y125.313 E0.14607
G1 F198.2 X142.071 Y125.12 E0.17475
G1 F219.3 X141.606 Y124.792 E0.22385
G1 F237.3 X141.042 Y124.316 E0.2683
G1 F249.7 X141.071 Y124.41 E0.03399
G1 F243.3 X141.383 Y124.957 E0.22327
G1 F219.3 X141.553 Y125.476 E0.21484
G0 F144 X141.561 Y125.499
G0 X141.644 Y125.89
G0 X141.714 Y126.187
G0 F36000 X141.683 Y126.363
G0 X141.143 Y126.846
G0 X140.642 Y127.169
G0 X141.478 Y128.466
G0 X138.175 Y120.955
G0 X140.636 Y96.263
G1 F282.4 X140.748 Y96.089 E0.06323
G0 F36000 X138.119 Y99.101
G0 X129.571 Y102.028
G0 X116.338 Y102.028
G0 X109.164 Y102.028
;TYPE:WALL-INNER
G1 F143.5 X109.164 Y117.239 E9.14227
G0 F144 X109.164 Y117.968
G0 F36000 X113.672 Y122.476
;TYPE:WALL-OUTER
G1 F180 X113.672 Y97.52 E11.96117
G1 X104.656 Y97.52 E4.32128
G1 X104.656 Y122.476 E11.96117
G1 X112.943 Y122.476 E3.97188
G0 F144 X113.672 Y122.476
G0 F36000 X113.672 Y120.976
;MESH:NONMESH
G0 F600 Z40.2
G0 F36000 X112.093 Y120.899
G0 X112.143 Y101.21
G0 X129.571 Y101.21
G0 X136.09 Y101.21
;TIME_ELAPSED:3625.878853
;LAYER:16
;TYPE:WALL-INNER
;MESH:3DBenchy (6).stl
G1 F202.9 X136.09 Y118.057 E7.16217
G0 F144 X136.09 Y118.786
G0 F36000 X140.872 Y123.38
;TYPE:WALL-OUTER
G1 F245.8 X140.76 Y122.869 E0.1836
G1 F235.7 X140.648 Y122.358 E0.1915
G1 F226.3 X140.536 Y121.847 E0.19939
G1 F217.7 X140.424 Y121.336 E0.20729
G1 F209.7 X140.312 Y120.826 E0.21479
G1 F202.3 X140.199 Y120.315 E0.22318
G1 F195.4 X140.087 Y119.804 E0.23099
G1 F188.9 X139.975 Y119.293 E0.23888
G1 F182.9 X139.863 Y118.782 E0.24678
G1 F180 X139.864 Y101.21 E8.42209
G1 F182.8 X139.974 Y100.7 E0.24618
G1 F188.7 X140.085 Y100.19 E0.23859
G1 F195 X140.195 Y99.679 E0.23124
G1 F201.8 X140.306 Y99.169 E0.22314
G1 F209 X140.416 Y98.659 E0.21536
G1 F216.7 X140.526 Y98.149 E0.20767
G1 F225.1 X140.637 Y97.638 E0.20038
G1 F234.1 X140.747 Y97.128 E0.19223
G1 F243.9 X140.858 Y96.618 E0.18462
G1 F258.1 X141.034 Y96.188 E0.15533
G1 X140.684 Y96.442 E0.14457
G1 F243.9 X140.174 Y96.552 E0.18454
G1 F234.1 X139.664 Y96.663 E0.19231
G1 F225.1 X139.153 Y96.773 E0.2003
G1 F216.7 X138.643 Y96.884 E0.20776
G1 F209 X138.133 Y96.994 E0.21536
G1 F201.8 X137.623 Y97.104 E0.22305
G1 F195 X137.112 Y97.215 E0.23133
G1 F188.7 X136.602 Y97.325 E0.23849
G1 F182.8 X136.092 Y97.436 E0.24628
G1 F180 X132.316 Y97.436 E1.8098
G1 X132.316 Y122.56 E12.04169
G1 X136.09 Y122.56 E1.80884
G1 F182.9 X136.601 Y122.672 E0.24678
G1 F188.9 X137.112 Y122.784 E0.23888
G1 F195.4 X137.623 Y122.896 E0.23099
G1 F202.3 X138.134 Y123.008 E0.22309
G1 F209.7 X138.644 Y123.12 E0.21479
G1 F217.7 X139.155 Y123.233 E0.20738
G1 F226.3 X139.666 Y123.345 E0.19939
G1 F235.7 X140.177 Y123.457 E0.1915
G1 F245.8 X140.688 Y123.569 E0.1836
G1 F260.4 X141.031 Y123.825 E0.1418
G1 F276.2 X141.205 Y124.078 E0.09592
G1 X141.182 Y124.038 E0.01441
G0 F144 X141.052 Y123.812
G0 X140.872 Y123.38
G0 F36000 X140.551 Y121.915
G0 X138.287 Y120.982
G0 X141.205 Y124.078
G1 F282.4 X141.306 Y124.237 E0.05755
G0 F36000 X143.886 Y127.53
G0 X142.523 Y126.417
G1 F174.6 X142.518 Y126.573 E0.07713
G1 F173.5 X142.208 Y126.844 E0.2047
G1 F174.7 X141.191 Y127.566 E0.61602
G1 F174.5 X140.567 Y127.984 E0.37123
G1 F174.4 X139.935 Y128.392 E0.37209
G1 F174.2 X139.265 Y128.808 E0.39046
G1 F174.2 X137.938 Y129.578 E0.75997
G1 F173.9 X136.606 Y130.283 E0.7476
G1 F173.7 X135.906 Y130.633 E0.3888
G1 F173.5 X135.177 Y130.98 E0.40148
G1 F173.3 X134.543 Y131.263 E0.34558
G1 F173 X133.085 Y131.874 E0.78856
G1 F172.7 X131.875 Y132.322 E0.64439
G1 F172.7 X130.922 Y132.646 E0.50282
G1 F172.6 X130.152 Y132.889 E0.40364
G1 F172.4 X128.697 Y133.302 E0.75681
G1 F172.2 X127.963 Y133.488 E0.37925
G1 F172 X126.467 Y133.818 E0.76822
G1 F171.8 X125.708 Y133.962 E0.38786
G1 F171.8 X124.997 Y134.083 E0.36218
G1 X123.787 Y134.25 E0.61339
G1 X123.787 Y138.487 E2.12772
G1 X124.692 Y138.372 E0.45812
G1 X125.58 Y138.237 E0.45106
G1 X126.485 Y138.08 E0.46126
G1 F171.8 X127.778 Y137.827 E0.66179
G1 F172 X129.162 Y137.499 E0.71341
G1 F172.2 X130.052 Y137.263 E0.46117
G1 F172.3 X130.948 Y137.007 E0.46662
G1 F172.4 X131.811 Y136.744 E0.45154
G1 F172.5 X132.693 Y136.45 E0.46498
G1 X134.43 Y135.829 E0.92259
G1 F172.8 X136.293 Y135.033 E1.0113
G1 F173.3 X136.959 Y134.728 E0.36461
G1 F173.5 X137.802 Y134.322 E0.46516
G1 F173.7 X138.575 Y133.93 E0.43057
G1 F173.8 X140.181 Y133.065 E0.90533
G1 F173.9 X140.992 Y132.594 E0.46523
G1 F174.1 X141.732 Y132.142 E0.42973
G1 F174.2 X142.52 Y131.638 E0.46312
G1 F174.4 X143.283 Y131.131 E0.45312
G1 F174.6 X144.028 Y130.613 E0.44838
G1 F174.7 X144.756 Y130.08 E0.44563
G1 F173.5 X145.394 Y129.561 E0.40887
G1 F173.7 X146.167 Y128.991 E0.47713
G1 F175.1 X146.932 Y128.359 E0.48891
G1 F175.3 X147.614 Y127.775 E0.44196
G1 F175.4 X148.925 Y126.572 E0.87519
G1 F175.6 X149.568 Y125.946 E0.44087
G1 F175.8 X150.211 Y125.3 E0.44734
G1 F175.9 X151.086 Y124.379 E0.62304
G1 F176.1 X152.036 Y123.307 E0.70162
G1 F176.3 X152.579 Y122.658 E0.41409
G1 F176.4 X153.158 Y121.939 E0.45153
G1 F176.5 X153.754 Y121.169 E0.47591
G1 F176.7 X154.272 Y120.472 E0.42392
G1 F176.9 X154.749 Y119.798 E0.40278
G1 F177 X155.108 Y119.27 E0.31122
G1 F177.1 X155.835 Y118.154 E0.6489
G1 F177.1 X156.207 Y117.555 E0.34345
G1 F177.2 X156.669 Y116.778 E0.44009
G1 F177.3 X157.104 Y116.011 E0.42896
G1 X157.937 Y114.451 E0.86032
G1 F177.5 X158.92 Y112.329 E1.13657
G1 F177.7 X158.915 Y112.323 E0.00379
G1 F176.6 X159.306 Y111.319 E0.52635
G1 F175.1 X159.455 Y110.594 E0.36468
G1 F174.6 X159.495 Y110.089 E0.25027
G1 F174.5 X159.482 Y109.541 E0.271
G1 F174.9 X159.309 Y108.694 E0.42636
G1 F176.5 X158.923 Y107.67 E0.53499
G1 F177.6 X158.288 Y106.295 E0.73571
G1 F177.5 X157.831 Y105.36 E0.50578
G1 F177.4 X157.067 Y103.925 E0.79048
G1 F177.3 X156.636 Y103.163 E0.42589
G1 F177.3 X156.189 Y102.414 E0.42454
G1 F177.1 X155.808 Y101.798 E0.35288
G1 F176.9 X155.11 Y100.726 E0.62384
G1 F176.7 X154.204 Y99.434 E0.77031
G1 F176.6 X153.676 Y98.725 E0.43175
G1 F176.5 X153.212 Y98.121 E0.37226
G1 F176.4 X152.58 Y97.342 E0.49065
G1 F176.3 X151.989 Y96.64 E0.44917
G1 F176.2 X151.398 Y95.972 E0.43668
G1 F176 X150.785 Y95.301 E0.4454
G1 F175.9 X150.165 Y94.649 E0.44136
G1 F175.7 X149.53 Y94.01 E0.44235
G1 F175.5 X148.884 Y93.385 E0.4418
G1 F175.4 X148.23 Y92.78 E0.43811
G1 F175.4 X147.514 Y92.138 E0.47314
G1 F175.3 X146.849 Y91.567 E0.43144
G1 F175.1 X146.179 Y91.019 E0.42647
G1 F174.2 X145.628 Y90.602 E0.34212
G1 F173 X145.413 Y90.453 E0.13048
G1 F173.6 X144.743 Y89.905 E0.4301
G1 F174.7 X143.982 Y89.353 E0.46422
G1 F174.5 X142.808 Y88.547 E0.70386
G1 F174.3 X141.709 Y87.842 E0.64614
G1 F174.1 X140.947 Y87.375 E0.44281
G1 F174 X140.147 Y86.914 E0.45781
G1 F173.8 X138.485 Y86.019 E0.93686
G1 F173.7 X137.68 Y85.616 E0.44712
G1 F173.6 X136.892 Y85.24 E0.43396
G1 F173.3 X136.041 Y84.854 E0.46523
G1 F172.9 X134.677 Y84.278 E0.73875
G1 F172.7 X133.51 Y83.839 E0.6227
G1 F172.7 X132.648 Y83.532 E0.45721
G1 F172.5 X131.789 Y83.248 E0.45249
G1 F172.5 X130.888 Y82.973 E0.47126
G1 F172.4 X129.721 Y82.644 E0.60685
G1 F172.2 X129.129 Y82.49 E0.30638
G1 F171.9 X127.779 Y82.169 E0.69634
G1 F171.8 X126.415 Y81.904 E0.69778
G1 F171.8 X125.548 Y81.754 E0.44175
G1 X124.716 Y81.631 E0.42225
G1 X123.785 Y81.511 E0.47128
G1 X123.786 Y85.747 E2.12671
G1 X124.996 Y85.913 E0.61318
G1 X125.723 Y86.036 E0.37018
G1 F171.9 X126.475 Y86.179 E0.38413
G1 F172 X127.265 Y86.348 E0.40521
G1 F172.2 X128.758 Y86.71 E0.76963
G1 F172.5 X130.216 Y87.128 E0.75858
G1 F172.6 X130.956 Y87.364 E0.38828
G1 F172.8 X132.413 Y87.871 E0.77008
G1 F173.1 X133.834 Y88.429 E0.76097
G1 F173.3 X135.209 Y89.033 E0.74752
G1 F173.6 X135.939 Y89.379 E0.40152
G1 F173.7 X136.639 Y89.729 E0.3888
G1 F173.9 X137.308 Y90.08 E0.37477
G1 F174 X138.125 Y90.526 E0.46152
G1 X138.829 Y90.925 E0.40123
G1 F174.2 X139.941 Y91.61 E0.64663
G1 F174.5 X140.592 Y92.027 E0.38231
G1 F174.7 X142.205 Y93.147 E0.96966
G1 F173.6 X142.523 Y93.426 E0.21021
G1 F174.7 X142.526 Y93.583 E0.07756
G1 F185.3 X142.369 Y93.911 E0.16932
G1 F204.4 X142.213 Y94.324 E0.18636
G1 F218.8 X141.924 Y94.995 E0.28801
G1 X142.498 Y94.544 E0.28777
G1 F204.4 X142.858 Y94.288 E0.18647
G1 F185.3 X143.136 Y94.053 E0.1695
G1 F174.7 X143.289 Y94.016 E0.07775
G1 F173.7 X143.663 Y94.272 E0.2251
G1 F175.1 X144.265 Y94.764 E0.38307
G1 F175.3 X144.849 Y95.261 E0.37747
G1 F175.4 X145.966 Y96.27 E0.74021
G1 F175.7 X147.02 Y97.288 E0.71953
G1 F176 X147.584 Y97.869 E0.39702
G1 F176.1 X148.59 Y98.959 E0.72656
G1 F176.3 X149.099 Y99.541 E0.37827
G1 F176.5 X150.022 Y100.662 E0.70989
G1 F176.6 X150.947 Y101.878 E0.74619
G1 F176.9 X151.382 Y102.488 E0.36538
G1 F177.1 X152.209 Y103.716 E0.7213
G1 F177.3 X152.993 Y104.977 E0.7227
G1 F177.4 X153.371 Y105.626 E0.36519
G1 F177.5 X154.081 Y106.936 E0.72416
G1 F177.6 X154.403 Y107.573 E0.34672
G1 F177.7 X154.713 Y108.214 E0.3457
G1 F177.4 X155.272 Y109.43 E0.65091
G1 F175.8 X155.365 Y109.895 E0.23274
G1 F175.4 X155.307 Y110.404 E0.25204
G1 F176.9 X155.158 Y110.817 E0.21407
G1 F177.8 X154.711 Y111.794 E0.52139
G1 F177.6 X154.395 Y112.455 E0.35581
G1 F177.5 X153.714 Y113.754 E0.71281
G1 F177.5 X153.357 Y114.395 E0.35667
G1 F177.4 X152.969 Y115.062 E0.3753
G1 F177.3 X152.192 Y116.307 E0.71429
G1 F177.1 X151.79 Y116.918 E0.35624
G1 F177 X151.367 Y117.534 E0.36424
G1 F176.8 X150.931 Y118.142 E0.36505
G1 F176.6 X150.461 Y118.766 E0.38154
G1 F176.6 X149.557 Y119.91 E0.71246
G1 F176.4 X149.07 Y120.492 E0.37118
G1 F176.1 X148.074 Y121.61 E0.73343
G1 F176 X147.022 Y122.704 E0.74417
G1 F175.7 X145.913 Y123.778 E0.75788
G1 F175.4 X144.857 Y124.731 E0.69949
G1 F175.3 X144.242 Y125.254 E0.39738
G1 F175.1 X143.651 Y125.737 E0.37607
G1 F173.7 X143.284 Y125.987 E0.2206
G1 F174.6 X143.132 Y125.951 E0.07719
G1 F185.2 X142.855 Y125.714 E0.16983
G1 F204.3 X142.496 Y125.456 E0.18668
G1 F218.8 X141.928 Y125.008 E0.28518
G1 X142.211 Y125.674 E0.28527
G1 F204.3 X142.238 Y125.746 E0.03247
G0 F144 X142.366 Y126.087
G0 X142.523 Y126.417
G0 F36000 X142.518 Y126.573
G0 X142.208 Y126.844
G0 X141.448 Y127.383
G0 X142.252 Y128.698
G0 X149.187 Y122.625
G0 X154.293 Y115.808
G0 X155.417 Y106.203
G0 X150.237 Y98.553
G0 X143.904 Y92.492
G0 X141.242 Y95.863
G1 F282.4 X141.306 Y95.761 E0.03679
G0 F36000 X143.904 Y92.492
G0 X129.666 Y94.785
G0 X116.254 Y98.961
G0 X109.08 Y101.944
;TYPE:WALL-INNER
G1 F143.6 X109.082 Y117.325 E9.24076
G0 F144 X109.082 Y118.054
G0 F36000 X113.588 Y122.56
;TYPE:WALL-OUTER
G1 F180 X113.588 Y97.436 E12.04169
G1 X104.572 Y97.436 E4.32128
G1 X104.576 Y122.56 E12.04169
G1 X112.859 Y122.56 E3.96996
G0 F144 X113.588 Y122.56
G0 F36000 X113.588 Y121.06
;MESH:NONMESH
G0 F600 Z42.6
G0 F36000 X112.009 Y120.983
G0 X112.059 Y109.37
G0 X155.748 Y113.103
G0 X155.752 Y109.932
;TIME_ELAPSED:3756.562779
;LAYER:17
;TYPE:WALL-OUTER
;MESH:3DBenchy (6).stl
G1 F176.7 X155.596 Y109.319 E0.30885
G1 F178.4 X155.079 Y108.133 E0.62568
G1 X154.76 Y107.451 E0.36411
G1 F178.3 X154.433 Y106.789 E0.35734
G1 F178.1 X154.082 Y106.109 E0.37063
G1 X153.728 Y105.45 E0.3623
G1 X153.361 Y104.803 E0.36026
G1 F177.9 X152.579 Y103.508 E0.73359
G1 F177.7 X151.724 Y102.209 E0.75505
G1 F177.4 X150.881 Y101.032 E0.70395
G1 F177.3 X150.394 Y100.392 E0.39124
G1 F177.2 X149.424 Y99.187 E0.75328
G1 F177 X148.94 Y98.623 E0.36227
G1 F176.8 X147.925 Y97.498 E0.73948
G1 F176.6 X147.382 Y96.93 E0.38397
G1 F176.5 X146.845 Y96.386 E0.3737
G1 F176.4 X146.294 Y95.849 E0.37632
G1 F176.1 X145.155 Y94.802 E0.75783
G1 F176 X144.556 Y94.283 E0.38861
G1 F175.7 X143.237 Y93.212 E0.83409
G1 F175.5 X142.672 Y92.776 E0.35086
G1 F175.4 X142.122 Y92.368 E0.33676
G1 F175.3 X140.873 Y91.495 E0.75009
G1 F175.1 X140.186 Y91.043 E0.40518
G1 F174.8 X138.898 Y90.247 E0.74711
G1 F174.7 X138.207 Y89.846 E0.3946
G1 F174.6 X137.559 Y89.488 E0.36583
G1 F174.4 X136.373 Y88.865 E0.66264
G1 F174.2 X134.765 Y88.092 E0.88335
G1 F173.9 X133.818 Y87.693 E0.50977
G1 F173.5 X132.593 Y87.203 E0.65607
G1 F173.3 X131.135 Y86.675 E0.77202
G1 F173 X130.338 Y86.419 E0.41737
G1 F172.8 X129.623 Y86.205 E0.37256
G1 F172.7 X128.156 Y85.804 E0.75989
G1 F172.4 X127.285 Y85.6 E0.44762
G1 F172.3 X126.562 Y85.444 E0.37028
G1 X125.665 Y85.271 E0.45733
G1 X125.665 Y81.016 E2.13013
G1 X126.522 Y81.168 E0.43573
G1 X127.405 Y81.344 E0.45074
G1 X128.332 Y81.554 E0.47583
G1 F172.4 X129.228 Y81.771 E0.4613
G1 F172.5 X130.133 Y82.016 E0.46892
G1 F172.7 X131.009 Y82.269 E0.45559
G1 F172.8 X131.917 Y82.552 E0.47476
G1 F173 X132.772 Y82.841 E0.45009
G1 F173.2 X133.669 Y83.169 E0.47585
G1 F173.3 X134.523 Y83.501 E0.45617
G1 F173.5 X135.379 Y83.851 E0.45986
G1 F173.8 X136.229 Y84.218 E0.4595
G1 F174 X137.092 Y84.617 E0.4713
G1 F174.1 X137.927 Y85.023 E0.46014
G1 F174.2 X138.737 Y85.438 E0.45072
G1 F174.4 X139.51 Y85.853 E0.43396
G1 F174.5 X140.378 Y86.338 E0.49145
G1 F174.6 X141.169 Y86.803 E0.45341
G1 F174.7 X141.979 Y87.305 E0.47067
G1 F174.8 X142.765 Y87.815 E0.46232
G1 F175.1 X143.526 Y88.329 E0.45247
G1 F175.2 X144.282 Y88.863 E0.45582
G1 F175.4 X145.119 Y89.482 E0.51217
G1 F175.5 X145.754 Y89.975 E0.39523
G1 F175.6 X146.459 Y90.544 E0.44508
G1 F175.7 X147.149 Y91.117 E0.4403
G1 F176 X147.814 Y91.695 E0.43201
G1 X148.548 Y92.362 E0.48629
G1 F176.1 X149.208 Y92.986 E0.44491
G1 F176.3 X149.86 Y93.631 E0.4488
G1 F176.4 X150.51 Y94.298 E0.45553
G1 F176.6 X151.124 Y94.955 E0.4394
G1 F176.6 X151.737 Y95.639 E0.44859
G1 F176.8 X152.332 Y96.326 E0.44344
G1 F176.9 X152.914 Y97.031 E0.44583
G1 F177.1 X153.917 Y98.307 E0.79073
G1 F177.3 X154.568 Y99.204 E0.53945
G1 F177.4 X155.186 Y100.088 E0.52459
G1 F177.6 X156.093 Y101.488 E0.81031
G1 F177.8 X156.629 Y102.376 E0.50335
G1 F177.9 X157.433 Y103.8 E0.79299
G1 F178 X157.852 Y104.597 E0.43631
G1 F178.1 X158.251 Y105.391 E0.43038
G1 F178.3 X158.638 Y106.211 E0.43872
G1 X159.003 Y107.025 E0.43163
G1 F178.4 X159.355 Y107.855 E0.4361
G1 F177.3 X159.663 Y108.689 E0.43251
G1 F176 X159.776 Y109.12 E0.21841
G1 F175.4 X159.855 Y109.647 E0.26218
G1 F175 X159.855 Y110.361 E0.35197
G1 F176 X159.732 Y111.13 E0.38166
G1 F177.8 X159.371 Y112.102 E0.50318
G1 F178.4 X159.029 Y112.914 E0.4261
G1 F178.3 X158.661 Y113.735 E0.43532
G1 X158.27 Y114.563 E0.44304
G1 F178.2 X157.875 Y115.353 E0.42756
G1 F178.1 X157.457 Y116.153 E0.43727
G1 F178 X156.937 Y117.092 E0.52037
G1 F177.8 X156.095 Y118.505 E0.79802
G1 F177.6 X155.621 Y119.251 E0.42923
G1 F177.4 X155.115 Y120.01 E0.44355
G1 F177.3 X154.651 Y120.681 E0.39687
G1 F177.3 X153.503 Y122.228 E0.93763
G1 F177.1 X152.942 Y122.937 E0.44048
G1 F177 X152.37 Y123.624 E0.43575
G1 F176.9 X151.774 Y124.318 E0.44613
G1 F176.7 X151.15 Y125.012 E0.45559
G1 F176.6 X150.539 Y125.667 E0.43769
G1 F176.4 X149.904 Y126.324 E0.44691
G1 F176.3 X149.239 Y126.98 E0.45711
G1 F176 X148.257 Y127.912 E0.66349
G1 F175.8 X147.21 Y128.829 E0.68292
G1 F175.7 X146.499 Y129.421 E0.45419
G1 F175.6 X145.77 Y130.011 E0.46085
G1 F175.4 X145.055 Y130.564 E0.44449
G1 F175.3 X144.312 Y131.114 E0.45503
G1 F175.1 X143.548 Y131.655 E0.46125
G1 F175 X142.764 Y132.184 E0.46633
G1 F174.8 X141.994 Y132.683 E0.45286
G1 F174.5 X140.731 Y133.465 E0.73441
G1 F174.4 X139.33 Y134.246 E0.79337
G1 F174.3 X138.784 Y134.538 E0.30641
G1 F174.1 X137.109 Y135.373 E0.92753
G1 F173.8 X136.289 Y135.751 E0.44813
G1 F173.7 X135.429 Y136.125 E0.46589
G1 F173.5 X134.567 Y136.48 E0.46357
G1 F173.2 X133.711 Y136.814 E0.45757
G1 F173.1 X132.839 Y137.131 E0.46249
G1 F173 X131.901 Y137.45 E0.49409
G1 F172.8 X131.059 Y137.714 E0.44049
G1 F172.7 X130.167 Y137.972 E0.46397
G1 F172.5 X129.273 Y138.213 E0.46309
G1 F172.3 X128.351 Y138.44 E0.47547
G1 F172.2 X127.443 Y138.644 E0.46612
G1 X126.54 Y138.825 E0.46127
G1 X125.666 Y138.979 E0.44449
G1 X125.666 Y134.727 E2.12965
G1 X126.572 Y134.553 E0.46207
G1 X127.217 Y134.414 E0.33047
G1 F172.5 X128.672 Y134.06 E0.74893
G1 F172.7 X129.631 Y133.791 E0.49743
G1 F172.9 X130.351 Y133.575 E0.37515
G1 F173 X131.089 Y133.336 E0.38686
G1 F173.2 X132.537 Y132.816 E0.76635
G1 F173.5 X133.603 Y132.395 E0.56993
G1 F173.7 X134.718 Y131.917 E0.60252
G1 F173.9 X135.438 Y131.585 E0.3934
G1 F174.1 X136.807 Y130.91 E0.75626
G1 F174.4 X137.559 Y130.513 E0.42061
G1 F174.5 X138.878 Y129.765 E0.74966
G1 F174.8 X140.19 Y128.951 E0.76223
G1 F175 X140.84 Y128.524 E0.38337
G1 F175.1 X141.902 Y127.787 E0.63676
G1 F175.4 X142.752 Y127.159 E0.51995
G1 F175.5 X143.39 Y126.666 E0.3963
G1 F175.7 X144.529 Y125.736 E0.72186
G1 F175.8 X145.504 Y124.881 E0.63645
G1 F176 X146.273 Y124.166 E0.5146
G1 F176.3 X146.829 Y123.626 E0.37929
G1 F176.5 X147.372 Y123.077 E0.3775
G1 F176.7 X148.391 Y121.996 E0.72537
G1 F176.9 X148.931 Y121.385 E0.39767
G1 F177 X149.426 Y120.806 E0.37131
G1 F177.1 X149.898 Y120.233 E0.36168
G1 F177.2 X150.378 Y119.629 E0.37569
G1 F177.3 X151.279 Y118.418 E0.7343
G1 F177.4 X152.142 Y117.162 E0.74099
G1 F177.6 X152.558 Y116.521 E0.3712
G1 F177.8 X153.341 Y115.23 E0.73254
G1 F178 X153.705 Y114.589 E0.35719
G1 F178.1 X154.074 Y113.905 E0.37641
G1 F178.2 X154.42 Y113.234 E0.36546
G1 F178.3 X154.74 Y112.586 E0.34976
G1 F178.4 X155.06 Y111.905 E0.36397
G1 F178.4 X155.599 Y110.672 E0.65077
G1 F177.3 X155.609 Y110.643 E0.01493
G0 F144 X155.715 Y110.316
G0 X155.752 Y109.932
G0 F36000 X155.596 Y109.319
G0 X155.25 Y108.525
G0 X156.709 Y107.885
G0 X111.976 Y103.355
G0 X108.996 Y101.86
;TYPE:WALL-INNER
G1 F143.6 X108.998 Y117.409 E9.34169
G0 F144 X108.998 Y118.138
G0 F36000 X113.504 Y122.644
;TYPE:WALL-OUTER
G1 F180 X113.504 Y97.352 E12.12221
G1 X104.488 Y97.352 E4.32128
G1 X104.492 Y122.644 E12.12221
G1 X112.775 Y122.644 E3.96996
G0 F144 X113.504 Y122.644
G0 F36000 X113.504 Y121.144
G0 X111.926 Y121.066
G0 X129.738 Y118.828
G0 X136.216 Y118.828
;TYPE:WALL-INNER
G1 F198.2 X136.216 Y101.897 E7.3683
G0 F144 X136.216 Y101.168
G0 F36000 X138.455 Y121.066
G0 X140.032 Y122.644
;TYPE:WALL-OUTER
G1 F180 X140.032 Y97.352 E12.12221
G1 X132.4 Y97.352 E3.65794
G1 X132.4 Y122.644 E12.12221
G1 X139.303 Y122.644 E3.30854
G0 F144 X140.032 Y122.644
G0 F36000 X140.032 Y121.144
;MESH:NONMESH
G0 F600 Z45
G0 F36000 X138.455 Y121.066
G0 X133.933 Y101.776
G0 X116.171 Y101.776
G0 X108.912 Y101.776
;TIME_ELAPSED:3882.116172
;LAYER:18
;TYPE:WALL-INNER
;MESH:3DBenchy (6).stl
G1 F143.6 X108.914 Y117.493 E9.44262
G0 F144 X108.914 Y118.222
G0 F36000 X113.42 Y122.728
;TYPE:WALL-OUTER
G1 F180 X113.42 Y97.268 E12.20273
G1 X104.404 Y97.268 E4.32128
G1 X104.408 Y122.728 E12.20273
G1 X112.691 Y122.728 E3.96996
G0 F144 X113.42 Y122.728
G0 F36000 X113.42 Y121.228
G0 X111.842 Y121.15
G0 X111.892 Y109.236
G0 X156.759 Y107.408
G0 X156.065 Y109.893
G1 F177.1 X155.986 Y109.488 E0.20103
G1 F178.6 X155.374 Y108.033 E0.76241
G1 F178.9 X155.051 Y107.322 E0.37663
G1 F178.8 X154.725 Y106.639 E0.36518
G1 F178.7 X154.358 Y105.911 E0.39349
G1 F178.6 X153.654 Y104.605 E0.71662
G1 F178.4 X153.371 Y104.114 E0.274
G1 F178.3 X152.879 Y103.294 E0.46269
G1 F178.2 X152.495 Y102.684 E0.34893
G1 F178.1 X152.045 Y102 E0.39654
G1 F178 X151.173 Y100.75 E0.73852
G1 F177.8 X150.215 Y99.49 E0.76793
G1 F177.6 X149.718 Y98.873 E0.38476
G1 F177.6 X149.228 Y98.286 E0.37143
G1 F177.5 X148.724 Y97.707 E0.37316
G1 F177.3 X147.65 Y96.536 E0.77318
G1 F177.1 X146.628 Y95.501 E0.70865
G1 F176.8 X145.404 Y94.357 E0.81745
G1 F176.6 X144.824 Y93.845 E0.37785
G1 F176.5 X144.223 Y93.334 E0.38566
G1 F176.3 X143.622 Y92.844 E0.37946
G1 F176.1 X142.991 Y92.349 E0.39284
G1 F176 X141.734 Y91.414 E0.76776
G1 F175.9 X141.045 Y90.93 E0.41305
G1 F175.6 X139.786 Y90.106 E0.73921
G1 F175.4 X139.028 Y89.639 E0.43803
G1 F175.1 X137.905 Y88.987 E0.63981
G1 F174.9 X137.038 Y88.515 E0.48685
G1 F174.8 X136.319 Y88.143 E0.39964
G1 F174.6 X135.571 Y87.776 E0.41172
G1 F174.4 X134.124 Y87.116 E0.78685
G1 F174.1 X133.438 Y86.828 E0.36872
G1 F173.9 X132.667 Y86.519 E0.41204
G1 F173.8 X131.615 Y86.133 E0.55615
G1 X131.617 Y81.74 E2.18027
G1 X132.86 Y82.162 E0.65149
G1 X133.772 Y82.501 E0.48289
G1 X134.608 Y82.834 E0.44662
G1 F173.9 X135.48 Y83.198 E0.46874
G1 F174.1 X136.343 Y83.582 E0.46812
G1 F174.3 X137.228 Y83.996 E0.48363
G1 F174.5 X138.053 Y84.4 E0.45404
G1 F174.7 X138.899 Y84.84 E0.47087
G1 F174.9 X139.768 Y85.314 E0.48831
G1 F175 X140.541 Y85.757 E0.4393
G1 F175.1 X141.351 Y86.244 E0.46567
G1 F175.4 X142.152 Y86.748 E0.46561
G1 F175.5 X142.954 Y87.276 E0.47195
G1 F175.7 X143.736 Y87.81 E0.46497
G1 F175.9 X145.238 Y88.917 E0.91531
G1 F176 X145.98 Y89.498 E0.46185
G1 F176.3 X146.8 Y90.168 E0.51831
G1 F176.4 X147.415 Y90.693 E0.39541
G1 F176.5 X148.499 Y91.662 E0.71081
G1 F176.7 X149.473 Y92.595 E0.65841
G1 F177 X150.133 Y93.258 E0.456
G1 F177 X150.788 Y93.941 E0.46116
G1 F177.1 X151.406 Y94.615 E0.4454
G1 F177.3 X152.018 Y95.307 E0.44963
G1 F177.4 X152.631 Y96.033 E0.46202
G1 F177.6 X153.216 Y96.752 E0.45037
G1 F177.6 X153.694 Y97.366 E0.37789
G1 F177.8 X154.452 Y98.38 E0.61437
G1 F178 X155.383 Y99.721 E0.79105
G1 F178.2 X155.812 Y100.375 E0.37872
G1 F178.3 X156.375 Y101.271 E0.51213
G1 F178.3 X156.851 Y102.07 E0.44999
G1 F178.4 X157.295 Y102.853 E0.4353
G1 F178.5 X157.773 Y103.746 E0.48947
G1 F178.7 X158.207 Y104.594 E0.46
G1 F178.7 X158.63 Y105.47 E0.46963
G1 F178.8 X158.934 Y106.135 E0.35282
G1 F178.8 X159.291 Y106.957 E0.43232
G1 F178.9 X159.645 Y107.819 E0.44942
G1 F178.1 X159.948 Y108.65 E0.4285
G1 F176.5 X160.146 Y109.54 E0.44563
G1 F175.8 X160.168 Y110.001 E0.22651
G1 X160.144 Y110.507 E0.24862
G1 F176.4 X159.993 Y111.216 E0.35456
G1 F177.9 X159.658 Y112.156 E0.48403
G1 F178.8 X159.317 Y112.979 E0.42975
G1 X158.952 Y113.82 E0.44227
G1 F178.8 X158.577 Y114.64 E0.43508
G1 F178.7 X158.171 Y115.473 E0.44725
G1 F178.6 X157.759 Y116.28 E0.43764
G1 F178.5 X157.329 Y117.077 E0.43773
G1 F178.4 X156.837 Y117.944 E0.48197
G1 F178.4 X156.398 Y118.686 E0.41693
G1 F178.3 X155.916 Y119.457 E0.44005
G1 F178.1 X155.423 Y120.216 E0.43834
G1 F178 X154.883 Y121.004 E0.46289
G1 F178 X154.358 Y121.742 E0.43908
G1 F177.8 X153.804 Y122.486 E0.45004
G1 F177.7 X153.237 Y123.218 E0.44955
G1 F177.6 X152.657 Y123.932 E0.44696
G1 F177.4 X152.052 Y124.648 E0.45579
G1 F177.3 X151.443 Y125.343 E0.44976
G1 F177.1 X150.779 Y126.066 E0.47826
G1 X150.173 Y126.699 E0.42694
G1 F177 X149.376 Y127.496 E0.54941
G1 F176.8 X148.149 Y128.649 E0.82152
G1 F176.6 X147.473 Y129.249 E0.44155
G1 F176.4 X146.722 Y129.891 E0.48313
G1 F176.2 X146.002 Y130.483 E0.45637
G1 F176 X145.278 Y131.048 E0.45007
G1 F175.9 X143.759 Y132.164 E0.92464
G1 F175.6 X142.993 Y132.696 E0.45817
G1 F175.5 X142.197 Y133.221 E0.46868
G1 F175.4 X141.392 Y133.731 E0.46885
G1 F175.1 X140.602 Y134.204 E0.45368
G1 F174.9 X139.764 Y134.687 E0.47703
G1 F174.8 X138.95 Y135.129 E0.45716
G1 F174.7 X138.088 Y135.579 E0.48027
G1 F174.5 X137.263 Y135.987 E0.45491
G1 F174.3 X136.391 Y136.393 E0.47612
G1 F174.1 X135.519 Y136.782 E0.4732
G1 F173.9 X134.667 Y137.139 E0.45825
G1 F173.8 X133.787 Y137.489 E0.47002
G1 X132.875 Y137.83 E0.48324
G1 X131.614 Y138.263 E0.66171
G1 X131.615 Y133.866 E2.18225
G1 X132.095 Y133.694 E0.25306
G1 X132.848 Y133.407 E0.39994
G1 F173.9 X133.675 Y133.07 E0.443
G1 F174.1 X134.348 Y132.782 E0.3627
G1 F174.3 X135.572 Y132.222 E0.6661
G1 F174.6 X136.236 Y131.898 E0.36509
G1 F174.8 X137.68 Y131.137 E0.8054
G1 F175.1 X139.06 Y130.342 E0.7847
G1 F175.4 X139.748 Y129.918 E0.39761
G1 F175.6 X141.049 Y129.061 E0.76535
G1 F175.9 X141.713 Y128.595 E0.39794
G1 F176.1 X142.344 Y128.137 E0.38202
G1 F176.1 X143.462 Y127.279 E0.69032
G1 F176.3 X144.189 Y126.69 E0.45787
G1 F176.6 X145.395 Y125.645 E0.77975
G1 F176.8 X146.55 Y124.571 E0.76953
G1 F177.1 X147.644 Y123.47 E0.75618
G1 F177.3 X148.694 Y122.323 E0.75686
G1 F177.4 X149.208 Y121.734 E0.38011
G1 F177.6 X149.714 Y121.13 E0.38275
G1 F177.7 X150.199 Y120.526 E0.3761
G1 F177.8 X150.685 Y119.9 E0.38459
G1 F178 X151.577 Y118.678 E0.73347
G1 F178 X152.025 Y118.026 E0.38333
G1 F178.1 X152.432 Y117.407 E0.35879
G1 F178.3 X152.856 Y116.739 E0.38291
G1 F178.4 X153.639 Y115.415 E0.74388
G1 F178.7 X154.389 Y114.031 E0.76013
G1 F178.8 X154.717 Y113.373 E0.35467
G1 X155.037 Y112.704 E0.35775
G1 F178.9 X155.361 Y111.995 E0.37586
G1 X155.904 Y110.706 E0.67441
G1 F177.9 X155.936 Y110.606 E0.05093
G0 F144 X156.031 Y110.311
G0 X156.065 Y109.893
G0 F36000 X155.986 Y109.488
G0 X155.565 Y108.486
G0 X157.039 Y107.864
G0 X142.868 Y103.159
G0 X136.342 Y101.126
;TYPE:WALL-INNER
G1 F193.8 X136.342 Y118.141 E7.57611
G0 F144 X136.342 Y118.87
G0 F36000 X140.2 Y122.728
;TYPE:WALL-OUTER
G1 F180 X140.2 Y97.268 E12.20273
G1 X132.484 Y97.268 E3.6982
G1 X132.484 Y122.728 E12.20273
G1 X139.471 Y122.728 E3.3488
G0 F144 X140.2 Y122.728
G0 F36000 X140.2 Y121.228
;MESH:NONMESH
G0 F600 Z47.4
G0 F36000 X138.623 Y121.15
G0 X134.017 Y102.012
G0 X116.087 Y102.012
G0 X113.06 Y102.012
;TIME_ELAPSED:4000.499406
;LAYER:19
;TYPE:WALL-OUTER
;MESH:3DBenchy (6).stl
G1 F158.2 X104.599 Y102.012 E4.6149
G1 X104.597 Y97.46 E2.48281
G1 X113.06 Y97.46 E4.61599
G1 X113.06 Y101.283 E2.08519
G0 F144 X113.06 Y102.012
G0 F36000 X111.56 Y102.012
G0 X111.56 Y100.68
G0 X156.992 Y107.297
G0 X156.319 Y109.882
G1 F177.6 X156.253 Y109.522 E0.17779
G1 F178.9 X155.88 Y108.577 E0.48986
G1 F179.2 X155.288 Y107.205 E0.71941
G1 F179.1 X154.606 Y105.781 E0.76034
G1 X154.253 Y105.099 E0.36981
G1 F179.1 X153.521 Y103.769 E0.73145
G1 F179 X153.104 Y103.059 E0.39692
G1 F178.8 X152.718 Y102.435 E0.35396
G1 F178.7 X152.255 Y101.712 E0.41437
G1 F178.6 X151.377 Y100.44 E0.74672
G1 F178.4 X150.9 Y99.782 E0.39303
G1 F178.3 X149.95 Y98.556 E0.75062
G1 F178.2 X149.465 Y97.961 E0.37169
G1 F178.1 X148.936 Y97.341 E0.39473
G1 F177.9 X147.878 Y96.172 E0.76476
G1 F177.7 X147.321 Y95.588 E0.39183
G1 F177.6 X146.749 Y95.016 E0.39295
G1 F177.3 X145.63 Y93.95 E0.75185
G1 F177.1 X144.976 Y93.362 E0.42847
G1 F176.9 X144.4 Y92.866 E0.37061
G1 F176.9 X143.784 Y92.353 E0.39094
G1 F176.8 X143.119 Y91.821 E0.41552
G1 F176.7 X141.9 Y90.9 E0.74599
G1 F176.5 X140.602 Y89.996 E0.77329
G1 F176.3 X138.985 Y88.954 E0.94158
G1 F176.1 X138.986 Y84.227 E2.31601
G1 F176 X139.833 Y84.704 E0.47651
G1 X140.671 Y85.195 E0.4761
G1 X141.474 Y85.69 E0.46241
G1 F176 X142.253 Y86.192 E0.45417
G1 F176.1 X143.073 Y86.737 E0.48229
G1 F176.3 X143.861 Y87.287 E0.47025
G1 F176.4 X144.626 Y87.846 E0.46331
G1 F176.6 X145.406 Y88.44 E0.47907
G1 F176.7 X146.136 Y89.018 E0.45464
G1 F176.9 X146.997 Y89.734 E0.54624
G1 F176.9 X147.601 Y90.253 E0.38827
G1 F177.1 X148.304 Y90.889 E0.46186
G1 F177.2 X148.991 Y91.534 E0.45888
G1 F177.3 X149.673 Y92.203 E0.46499
G1 F177.5 X150.339 Y92.881 E0.46189
G1 F177.7 X150.997 Y93.58 E0.46609
G1 F177.8 X151.626 Y94.278 E0.45597
G1 F178 X152.242 Y94.984 E0.45424
G1 F178 X152.853 Y95.718 E0.46277
G1 F178.1 X153.445 Y96.461 E0.46011
G1 F178.2 X154.096 Y97.316 E0.52021
G1 F178.4 X154.677 Y98.119 E0.47932
G1 X155.095 Y98.719 E0.35363
G1 F178.5 X155.59 Y99.454 E0.42822
G1 F178.7 X156.063 Y100.191 E0.42267
G1 F178.8 X156.622 Y101.1 E0.51479
G1 F178.9 X157.08 Y101.892 E0.44113
G1 X157.534 Y102.712 E0.45193
G1 X157.969 Y103.529 E0.44629
G1 F179 X158.395 Y104.379 E0.4582
G1 X159.061 Y105.783 E0.74889
G1 X159.056 Y105.789 E0.00376
G1 F179.1 X159.535 Y106.907 E0.58587
G1 F179.3 X159.894 Y107.813 E0.46895
G1 F178.3 X160.24 Y108.786 E0.49966
G1 F177 X160.38 Y109.503 E0.35609
G1 F176.6 X160.383 Y110.435 E0.45519
G1 F177.5 X160.274 Y111.1 E0.32758
G1 F178.8 X159.926 Y112.097 E0.50942
G1 F179.4 X159.552 Y113.046 E0.49061
G1 F179.2 X159.203 Y113.873 E0.43216
G1 F179.1 X158.812 Y114.742 E0.45901
G1 F179.1 X158.415 Y115.579 E0.44611
G1 F179.1 X157.994 Y116.416 E0.4513
G1 F179 X157.562 Y117.236 E0.44678
G1 F178.8 X157.113 Y118.05 E0.44845
G1 F178.9 X156.641 Y118.86 E0.45214
G1 F178.8 X156.152 Y119.659 E0.45201
G1 F178.7 X155.651 Y120.449 E0.4515
G1 F178.6 X155.121 Y121.238 E0.45909
G1 F178.4 X154.624 Y121.957 E0.4227
G1 F178.3 X154.04 Y122.756 E0.47885
G1 F178.2 X153.466 Y123.509 E0.45834
G1 F178.1 X152.884 Y124.241 E0.45293
G1 F178.1 X152.283 Y124.964 E0.45546
G1 F178 X151.646 Y125.697 E0.4708
G1 F177.8 X151.009 Y126.402 E0.46109
G1 F177.7 X150.248 Y127.213 E0.53996
G1 F177.5 X149.721 Y127.749 E0.36532
G1 F177.3 X148.957 Y128.493 E0.51879
G1 F177.3 X148.328 Y129.086 E0.42065
G1 F177.1 X147.676 Y129.677 E0.42863
G1 F177 X146.868 Y130.374 E0.52014
G1 F176.9 X146.171 Y130.951 E0.44127
G1 F176.7 X145.438 Y131.533 E0.45689
G1 F176.6 X144.672 Y132.116 E0.47037
G1 F176.4 X143.893 Y132.686 E0.47201
G1 F176.3 X143.117 Y133.23 E0.46376
G1 F176.2 X142.307 Y133.774 E0.47783
G1 F176.1 X141.513 Y134.285 E0.46251
G1 X140.689 Y134.791 E0.47365
G1 X139.855 Y135.283 E0.47431
G1 X138.984 Y135.771 E0.48905
G1 X138.984 Y131.024 E2.32525
G1 X139.867 Y130.484 E0.50699
G1 F176.2 X140.535 Y130.047 E0.39082
G1 F176.5 X141.903 Y129.095 E0.81479
G1 F176.7 X143.179 Y128.131 E0.78067
G1 F176.9 X143.774 Y127.654 E0.3719
G1 F176.9 X144.386 Y127.146 E0.38779
G1 F177 X144.978 Y126.635 E0.3812
G1 F177.1 X145.583 Y126.093 E0.39564
G1 F177.3 X146.741 Y124.989 E0.77833
G1 F177.5 X147.296 Y124.435 E0.38111
G1 F177.7 X147.845 Y123.859 E0.38634
G1 F178 X148.936 Y122.656 E0.78734
G1 F178.1 X149.437 Y122.069 E0.37377
G1 F178.2 X149.938 Y121.458 E0.38249
G1 F178.3 X150.542 Y120.69 E0.47286
G1 F178.4 X151.345 Y119.606 E0.65255
G1 F178.7 X152.3 Y118.217 E0.81396
G1 F178.9 X153.098 Y116.945 E0.72402
G1 F179 X153.49 Y116.283 E0.37077
G1 X154.237 Y114.926 E0.74651
G1 F179.1 X154.6 Y114.225 E0.38025
G1 F179.2 X154.945 Y113.526 E0.37529
G1 F179.3 X155.276 Y112.818 E0.37609
G1 F179.3 X155.886 Y111.406 E0.73998
G1 F179 X156.205 Y110.598 E0.41865
G0 F144 X156.254 Y110.474
G0 X156.319 Y109.882
G0 F36000 X156.253 Y109.522
G0 X155.88 Y108.577
G0 X155.834 Y108.469
G0 X157.311 Y107.85
G0 X143.036 Y102.967
G0 X136.468 Y101.084
;TYPE:WALL-INNER
G1 F189.5 X136.468 Y118.183 E7.78561
G0 F144 X136.468 Y118.912
G0 F36000 X140.368 Y122.812
;TYPE:WALL-OUTER
G1 F180 X140.368 Y97.184 E12.28325
G1 X132.568 Y97.184 E3.73846
G1 X132.568 Y122.812 E12.28325
G1 X139.639 Y122.812 E3.38906
G0 F144 X140.368 Y122.812
G0 F36000 X140.368 Y121.312
G0 X138.791 Y121.234
G0 X129.906 Y121.235
G0 X116.003 Y121.235
G0 X113.06 Y122.536
G1 F158.2 X104.6 Y122.536 E4.61436
G1 X104.6 Y117.984 E2.48281
G1 X113.06 Y117.984 E4.61436
G1 X113.06 Y121.807 E2.08519
G0 F144 X113.06 Y122.536
G0 F36000 X111.56 Y122.536
;MESH:NONMESH
G0 F600 Z49.8
G0 F36000 X111.561 Y121.205
G0 X111.759 Y104.955
G0 X112.976 Y101.928
;TIME_ELAPSED:4098.440168
;LAYER:20
;TYPE:WALL-OUTER
;MESH:3DBenchy (6).stl
G1 F158.2 X104.516 Y101.928 E4.61436
G1 X104.516 Y97.376 E2.48281
G1 X112.976 Y97.376 E4.61436
G1 X112.976 Y101.199 E2.08519
G0 F144 X112.976 Y101.928
G0 F36000 X111.476 Y101.928
G0 X111.476 Y100.596
G0 X129.989 Y100.682
G0 X140.26 Y101.928
G1 F158.2 X132.929 Y101.928 E3.99856
G1 X132.931 Y97.376 E2.48281
G1 X140.26 Y97.376 E3.99747
G1 X140.26 Y101.199 E2.08519
G0 F144 X140.26 Y101.928
G0 F36000 X138.76 Y101.928
G0 X138.76 Y100.596
G0 X151.341 Y104.833
G0 X156.511 Y109.957
G1 F178.1 X156.45 Y109.543 E0.20267
G1 F179.3 X156.063 Y108.531 E0.52138
G1 F179.7 X155.654 Y107.52 E0.52363
G1 F179.7 X155.123 Y106.35 E0.61674
G1 F179.6 X154.438 Y104.951 E0.74808
G1 F179.6 X154.033 Y104.184 E0.41676
G1 F179.5 X153.674 Y103.531 E0.35823
G1 F179.3 X153.278 Y102.85 E0.37908
G1 F179.1 X152.879 Y102.19 E0.3714
G1 F179.1 X152.431 Y101.479 E0.4048
G1 F179 X151.965 Y100.766 E0.4106
G1 F178.9 X151.092 Y99.521 E0.73335
G1 F178.8 X150.564 Y98.81 E0.42722
G1 F178.7 X149.93 Y98.01 E0.49279
G1 F178.7 X149.826 Y97.866 E0.08573
G1 F178.7 X149.128 Y97.034 E0.52429
G1 F178.5 X148.46 Y96.27 E0.49054
G1 F178.4 X148.011 Y95.776 E0.32291
G1 F178.3 X147.352 Y95.075 E0.46552
G1 F178 X146.364 Y94.089 E0.67637
G1 F177.8 X146.364 Y88.641 E2.64316
G1 X147.009 Y89.189 E0.41062
G1 X147.726 Y89.815 E0.46179
G1 X149.075 Y91.075 E0.89557
G1 X149.816 Y91.811 E0.5067
G1 F178 X150.617 Y92.649 E0.56186
G1 F178.2 X151.367 Y93.465 E0.53652
G1 F178.4 X152.4 Y94.658 E0.76317
G1 F178.7 X153.026 Y95.422 E0.47695
G1 F178.7 X153.604 Y96.158 E0.45167
G1 X154.18 Y96.923 E0.46218
G1 X154.736 Y97.698 E0.46035
G1 F178.8 X155.271 Y98.471 E0.4535
G1 F178.9 X155.785 Y99.26 E0.45403
G1 F179 X156.243 Y99.986 E0.41368
G1 F179.1 X156.79 Y100.898 E0.51213
G1 F179.3 X157.269 Y101.738 E0.46532
G1 F179.4 X157.711 Y102.553 E0.44592
G1 F179.5 X158.148 Y103.401 E0.4586
G1 X158.563 Y104.246 E0.45256
G1 F179.6 X159.261 Y105.771 E0.80565
G1 F179.6 X159.938 Y107.415 E0.85428
G1 F178.9 X160.367 Y108.641 E0.62628
G1 F178 X160.49 Y109.134 E0.24621
G1 F177.4 X160.573 Y109.823 E0.33744
G1 F177.3 X160.53 Y110.663 E0.40918
G1 F178 X160.367 Y111.357 E0.34544
G1 F179.2 X160.126 Y112.056 E0.35597
G1 F179.6 X159.934 Y112.576 E0.26621
G1 F179.5 X159.285 Y114.162 E0.8238
G1 F179.5 X158.578 Y115.72 E0.82228
G1 F179.5 X158.161 Y116.571 E0.45557
G1 F179.4 X157.744 Y117.385 E0.43978
G1 F179.4 X157.289 Y118.222 E0.45821
G1 F179.2 X156.815 Y119.053 E0.46048
G1 F179.1 X156.256 Y119.991 E0.52597
G1 F179 X155.82 Y120.684 E0.39458
G1 F178.9 X155.295 Y121.486 E0.4623
G1 F178.8 X154.769 Y122.249 E0.44706
G1 F178.8 X154.216 Y123.024 E0.4594
G1 F178.7 X153.643 Y123.786 E0.46015
G1 F178.7 X153.041 Y124.552 E0.47045
G1 F178.6 X152.444 Y125.286 E0.4571
G1 F178.4 X151.806 Y126.034 E0.47533
G1 F178.4 X151.168 Y126.75 E0.4639
G1 F178.2 X150.519 Y127.454 E0.46351
G1 F178 X149.839 Y128.16 E0.47498
G1 F178 X149.177 Y128.822 E0.45376
G1 X148.452 Y129.513 E0.48543
G1 X147.762 Y130.153 E0.45614
G1 X146.36 Y131.366 E0.89856
G1 X146.359 Y125.915 E2.642
G1 X146.86 Y125.421 E0.34102
G1 F178 X147.456 Y124.81 E0.4136
G1 F178.2 X147.998 Y124.233 E0.38322
G1 F178.4 X148.537 Y123.641 E0.38718
G1 F178.5 X149.067 Y123.036 E0.38878
G1 F178.6 X149.556 Y122.452 E0.36799
G1 F178.7 X150.092 Y121.789 E0.41169
G1 F178.7 X150.576 Y121.166 E0.38077
G1 F178.8 X151.094 Y120.474 E0.41699
G1 F178.9 X151.959 Y119.239 E0.72701
G1 F179 X152.829 Y117.891 E0.77319
G1 F179.3 X153.653 Y116.503 E0.77675
G1 F179.5 X154.064 Y115.758 E0.40903
G1 X154.42 Y115.08 E0.36813
G1 F179.5 X154.766 Y114.389 E0.37141
G1 F179.6 X155.113 Y113.667 E0.38471
G1 F179.7 X155.443 Y112.944 E0.38149
G1 F179.6 X156.049 Y111.503 E0.75074
G1 F179.4 X156.37 Y110.668 E0.43026
G0 F144 X156.44 Y110.486
G0 X156.511 Y109.957
G0 F36000 X156.45 Y109.543
G0 X156.064 Y108.532
G0 X157.551 Y107.927
G0 X143.203 Y119.317
G0 X140.26 Y122.62
G1 F158.2 X132.928 Y122.62 E3.99911
G1 X132.928 Y118.068 E2.48281
G1 X140.26 Y118.068 E3.99911
G1 X140.26 Y121.891 E2.08519
G0 F144 X140.26 Y122.62
G0 F36000 X138.76 Y122.62
G0 X138.761 Y121.289
G0 X129.99 Y121.31
G0 X115.919 Y121.309
G0 X112.976 Y122.62
G1 F158.2 X104.516 Y122.62 E4.61436
G1 X104.516 Y118.068 E2.48281
G1 X112.976 Y118.068 E4.61436
G1 X112.976 Y121.891 E2.08519
G0 F144 X112.976 Y122.62
G0 F36000 X111.476 Y122.62
;MESH:NONMESH
G0 F600 Z52.2
G0 F36000 X111.477 Y121.289
G0 X111.675 Y104.871
G0 X112.892 Y101.844
;TIME_ELAPSED:4175.356026
;LAYER:21
;TYPE:WALL-OUTER
;MESH:3DBenchy (6).stl
G1 F158.2 X104.432 Y101.844 E4.61436
G1 X104.432 Y97.292 E2.48281
G1 X112.892 Y97.292 E4.61436
G1 X112.892 Y101.115 E2.08519
G0 F144 X112.892 Y101.844
G0 F36000 X111.392 Y101.844
G0 X111.392 Y100.512
G0 X130.073 Y100.61
G0 X140.428 Y101.844
G1 F158.2 X133.012 Y101.844 E4.04493
G1 X133.012 Y97.292 E2.48281
G1 X140.428 Y97.292 E4.04493
G1 X140.428 Y101.115 E2.08519
G0 F144 X140.428 Y101.844
G0 F36000 X138.928 Y101.844
G0 X138.928 Y100.512
G0 X151.072 Y102.861
G0 X156.633 Y110.117
G1 F178 X156.625 Y109.81 E0.14881
G1 F178.9 X156.541 Y109.463 E0.17214
G1 F179.8 X156.22 Y108.58 E0.45076
G1 F180.1 X156.165 Y108.401 E0.08971
G1 F180.1 X155.589 Y107.014 E0.71928
G1 F179.8 X155.32 Y106.405 E0.31941
G1 F179.9 X155.239 Y106.194 E0.10838
G1 F180 X154.565 Y104.815 E0.73566
G1 F179.7 X153.741 Y103.241 E0.8528
G1 F179.6 X153.74 Y95.901 E3.52503
G1 F179.6 X154.306 Y96.669 E0.4584
G1 X154.857 Y97.454 E0.46082
G1 X155.402 Y98.259 E0.4671
G1 X155.923 Y99.065 E0.46114
G1 X156.428 Y99.887 E0.46354
G1 X156.912 Y100.713 E0.46
G1 X157.452 Y101.686 E0.53469
G1 X157.929 Y102.591 E0.49155
G1 F179.6 X158.392 Y103.517 E0.4972
G1 F179.7 X159.104 Y105.04 E0.807
G1 F179.7 X159.099 Y105.046 E0.00375
G1 F179.8 X159.456 Y105.888 E0.43878
G1 F180.1 X159.814 Y106.768 E0.45511
G1 X160.148 Y107.665 E0.45853
G1 F179.8 X160.358 Y108.262 E0.30363
G1 F179.2 X160.542 Y108.879 E0.30998
G1 F178.2 X160.668 Y109.559 E0.33478
G1 F177.8 X160.691 Y110 E0.21425
G1 F178.3 X160.602 Y110.907 E0.44095
G1 F179.3 X160.356 Y111.778 E0.43553
G1 F179.8 X159.834 Y113.168 E0.71235
G1 F180.1 X159.277 Y114.54 E0.70918
G1 F180.1 X158.7 Y115.828 E0.6761
G1 F179.8 X158.293 Y116.677 E0.45182
G1 F179.7 X157.869 Y117.522 E0.45381
G1 F179.6 X157.408 Y118.395 E0.47412
G1 F179.6 X156.927 Y119.257 E0.4743
G1 X156.456 Y120.062 E0.44814
G1 X155.94 Y120.903 E0.47409
G1 X155.421 Y121.709 E0.46062
G1 X154.87 Y122.528 E0.47429
G1 X154.315 Y123.312 E0.46154
G1 X153.741 Y124.095 E0.46649
G1 X153.741 Y116.745 E3.53159
G1 F179.6 X154.265 Y115.77 E0.53158
G1 F179.7 X154.836 Y114.633 E0.61073
G1 F180.1 X155.605 Y112.975 E0.87554
G1 X155.673 Y112.778 E0.09984
G1 F179.9 X156.104 Y111.72 E0.54782
G1 F179.8 X156.441 Y110.818 E0.46197
G0 F144 X156.534 Y110.569
G0 X156.633 Y110.117
G0 F36000 X156.625 Y109.81
G0 X156.541 Y109.463
G0 X156.256 Y108.678
G0 X157.766 Y108.117
G0 X143.371 Y119.401
G0 X140.428 Y122.704
G1 F158.2 X133.012 Y122.704 E4.04493
G1 X133.012 Y118.152 E2.48281
G1 X140.428 Y118.152 E4.04493
G1 X140.428 Y121.975 E2.08519
G0 F144 X140.428 Y122.704
G0 F36000 X138.928 Y122.704
G0 X138.928 Y121.372
G0 X130.073 Y121.403
G0 X115.835 Y121.403
G0 X112.892 Y122.704
G1 F158.2 X104.432 Y122.704 E4.61436
G1 X104.432 Y118.152 E2.48281
G1 X112.892 Y118.152 E4.61436
G1 X112.892 Y121.975 E2.08519
G0 F144 X112.892 Y122.704
G0 F36000 X111.392 Y122.704
;MESH:NONMESH
G0 F600 Z54.6
G0 F36000 X111.393 Y121.373
G0 X111.591 Y104.787
G0 X112.808 Y101.76
;TIME_ELAPSED:4238.917029
;LAYER:22
;TYPE:WALL-OUTER
;MESH:3DBenchy (6).stl
G1 F158.2 X104.348 Y101.76 E4.61436
G1 X104.348 Y97.208 E2.48281
G1 X112.808 Y97.208 E4.61436
G1 X112.808 Y101.031 E2.08519
G0 F144 X112.808 Y101.76
G0 F36000 X111.308 Y101.76
G0 X111.308 Y100.428
G0 X130.157 Y100.47
G0 X140.596 Y101.76
G1 F158.2 X133.096 Y101.76 E4.09074
G1 X133.096 Y97.208 E2.48281
G1 X140.596 Y97.208 E4.09074
G1 X140.596 Y101.031 E2.08519
G0 F144 X140.596 Y101.76
G0 F36000 X139.096 Y101.76
G0 X139.096 Y100.428
G0 X158.468 Y110.128
G0 X161.422 Y110.128
G1 F196.5 X161.193 Y110.525 E0.20121
G1 X160.735 Y110.525 E0.20108
G1 X160.506 Y110.128 E0.20121
G1 X160.735 Y109.731 E0.20121
G1 X160.922 Y109.731 E0.0821
G0 F144 X161.193 Y109.731
G0 X161.422 Y110.128
G0 F36000 X158.468 Y110.128
G0 X143.539 Y119.485
G0 X140.596 Y122.788
G1 F158.2 X133.096 Y122.788 E4.09074
G1 X133.096 Y118.236 E2.48281
G1 X140.596 Y118.236 E4.09074
G1 X140.596 Y122.059 E2.08519
G0 F144 X140.596 Y122.788
G0 F36000 X139.096 Y122.788
G0 X139.096 Y121.456
G0 X130.157 Y121.486
G0 X115.752 Y121.474
G0 X112.808 Y122.788
G1 F158.2 X104.348 Y122.788 E4.61436
G1 X104.348 Y118.236 E2.48281
G1 X112.808 Y118.236 E4.61436
G1 X112.808 Y122.059 E2.08519
G0 F144 X112.808 Y122.788
G0 F36000 X111.308 Y122.788
;MESH:NONMESH
G0 F600 Z57
G0 F36000 X111.308 Y121.456
G0 X111.507 Y104.703
G0 X112.724 Y101.676
;TIME_ELAPSED:4282.905601
;LAYER:23
;TYPE:WALL-OUTER
;MESH:3DBenchy (6).stl
G1 F158.2 X104.264 Y101.676 E4.61436
G1 X104.264 Y97.124 E2.48281
G1 X112.724 Y97.124 E4.61436
G1 X112.724 Y100.947 E2.08519
G0 F144 X112.724 Y101.676
G0 F36000 X111.224 Y101.676
G0 X111.224 Y100.344
G0 X130.241 Y100.387
G0 X140.764 Y101.676
G1 F158.2 X133.18 Y101.676 E4.13656
G1 X133.18 Y97.124 E2.48281
G1 X140.764 Y97.124 E4.13656
G1 X140.764 Y100.947 E2.08519
G0 F144 X140.764 Y101.676
G0 F36000 X139.264 Y101.676
G0 X139.264 Y100.344
G0 X139.463 Y115.381
G0 X140.764 Y122.872
G1 F158.2 X133.18 Y122.872 E4.13656
G1 X133.18 Y118.32 E2.48281
G1 X140.764 Y118.32 E4.13656
G1 X140.764 Y122.143 E2.08519
G0 F144 X140.764 Y122.872
G0 F36000 X139.264 Y122.872
G0 X139.264 Y121.54
G0 X130.241 Y121.57
G0 X115.668 Y121.557
G0 X112.724 Y122.872
G1 F158.2 X104.264 Y122.872 E4.61436
G1 X104.264 Y118.32 E2.48281
G1 X112.724 Y118.32 E4.61436
G1 X112.724 Y122.143 E2.08519
G0 F144 X112.724 Y122.872
G0 F36000 X111.224 Y122.872
;MESH:NONMESH
G0 F600 Z59.4
G0 F36000 X111.224 Y121.54
G0 X111.423 Y104.619
G0 X112.64 Y101.592
;TIME_ELAPSED:4325.282207
;LAYER:24
;TYPE:WALL-OUTER
;MESH:3DBenchy (6).stl
G1 F158.2 X104.18 Y101.592 E4.61436
G1 X104.18 Y97.04 E2.48281
G1 X112.64 Y97.04 E4.61436
G1 X112.64 Y100.863 E2.08519
G0 F144 X112.64 Y101.592
G0 F36000 X111.14 Y101.592
G0 X111.14 Y100.26
G0 X111.33 Y115.464
G0 X112.64 Y122.956
G1 F158.2 X104.18 Y122.956 E4.61436
G1 X104.18 Y118.404 E2.48281
G1 X112.64 Y118.404 E4.61436
G1 X112.64 Y122.227 E2.08519
G0 F144 X112.64 Y122.956
G0 F36000 X111.14 Y122.956
G0 X111.141 Y121.624
G0 X130.325 Y121.639
G0 X140.932 Y122.956
G1 F158.2 X133.264 Y122.956 E4.18237
G1 X133.264 Y118.404 E2.48281
G1 X140.932 Y118.404 E4.18237
G1 X140.932 Y122.227 E2.08519
G0 F144 X140.932 Y122.956
G0 F36000 X139.432 Y122.956
G0 X139.432 Y121.624
G0 X139.638 Y104.536
G0 X140.932 Y101.592
G1 F158.2 X133.264 Y101.592 E4.18237
G1 X133.264 Y97.04 E2.48281
G1 X140.932 Y97.04 E4.18237
G1 X140.932 Y100.863 E2.08519
G0 F144 X140.932 Y101.592
G0 F36000 X139.432 Y101.592
;MESH:NONMESH
G0 F600 Z61.8
G0 F36000 X139.433 Y100.261
G0 X130.325 Y100.303
G0 X115.584 Y100.303
G0 X112.556 Y101.508
;TIME_ELAPSED:4367.787979
;LAYER:25
;TYPE:WALL-OUTER
;MESH:3DBenchy (6).stl
G1 F158.2 X104.096 Y101.508 E4.61436
G1 X104.096 Y96.956 E2.48281
G1 X112.556 Y96.956 E4.61436
G1 X112.556 Y100.779 E2.08519
G0 F144 X112.556 Y101.508
G0 F36000 X111.056 Y101.508
G0 X111.056 Y100.176
G0 X111.246 Y115.548
G0 X112.556 Y123.04
G1 F158.2 X104.096 Y123.04 E4.61436
G1 X104.096 Y118.488 E2.48281
G1 X112.556 Y118.488 E4.61436
G1 X112.556 Y122.311 E2.08519
G0 F144 X112.556 Y123.04
G0 F36000 X111.056 Y123.04
G0 X111.057 Y121.708
G0 X130.408 Y121.723
G0 X141.1 Y123.04
G1 F158.2 X133.348 Y123.04 E4.22819
G1 X133.348 Y118.488 E2.48281
G1 X141.1 Y118.488 E4.22819
G1 X141.1 Y122.311 E2.08519
G0 F144 X141.1 Y123.04
G0 F36000 X139.6 Y123.04
G0 X139.601 Y121.708
G0 X139.798 Y104.452
G0 X141.1 Y101.508
G1 F158.2 X133.348 Y101.508 E4.22819
G1 X133.348 Y96.956 E2.48281
G1 X141.1 Y96.956 E4.22819
G1 X141.1 Y100.779 E2.08519
G0 F144 X141.1 Y101.508
G0 F36000 X139.6 Y101.508
;MESH:NONMESH
G0 F600 Z64.2
G0 F36000 X139.6 Y100.177
G0 X130.408 Y100.263
G0 X111.311 Y115.548
G0 X110.369 Y119.389
;TIME_ELAPSED:4410.679903
;LAYER:26
;TYPE:WALL-INNER
;MESH:3DBenchy (6).stl
G1 F264.4 X110.002 Y118.789 E0.22948
G1 X109.733 Y118.194 E0.21305
G1 F270.4 X109.601 Y117.57 E0.20352
G1 F280.6 X109.521 Y116.935 E0.19678
G1 F285.9 X109.495 Y116.294 E0.19356
G1 F300 X109.498 Y103.698 E1.89189
G1 F285.7 X109.525 Y103.059 E0.19312
G1 F280.3 X109.604 Y102.426 E0.19636
G1 F270.1 X109.735 Y101.803 E0.20337
G1 F264.1 X110.003 Y101.207 E0.21345
G1 X110.37 Y100.607 E0.22974
G1 X110.899 Y99.959 E0.27323
G1 X107.099 Y99.959 E1.24122
G1 X107.099 Y101.321 E0.44488
G1 F270.1 X107.038 Y102.113 E0.25375
G1 F280.3 X107.002 Y102.905 E0.24405
G1 F285.7 X106.99 Y103.698 E0.23948
G1 F300 X106.989 Y116.294 E1.89189
G1 F285.9 X107.001 Y117.088 E0.23959
G1 F280.6 X107.037 Y117.882 E0.24438
G1 F270.4 X107.098 Y118.676 E0.2541
G1 F264.4 X107.098 Y120.038 E0.44439
G1 X110.899 Y120.039 E1.24018
G1 X110.83 Y119.954 E0.03572
G0 F144 X110.369 Y119.389
G0 F36000 X134.695 Y119.835
G0 X137.071 Y118.927
G1 F150.3 X137.226 Y118.05 E0.51126
G1 F158.8 X137.315 Y117.275 E0.4239
G1 F163.2 X137.35 Y116.296 E0.51777
G1 F164.1 X137.35 Y103.7 E6.62274
G1 F161.2 X137.315 Y102.721 E0.52422
G1 F156.9 X137.226 Y101.946 E0.42904
G1 F150.3 X137.198 Y101.787 E0.09268
G0 F144 X137.071 Y101.069
G0 F36000 X134.695 Y119.835
G0 X131.957 Y118.379
;TYPE:WALL-OUTER
G1 F159.2 X131.538 Y118.572 E0.24996
G1 F157.4 X114.388 Y118.572 E9.39937
G1 F159.8 X114.003 Y118.389 E0.23021
G1 F164.7 X113.704 Y118.175 E0.19262
G1 F170.4 X113.467 Y117.929 E0.17297
G1 F175 X113.006 Y117.304 E0.38284
G1 F178.3 X112.806 Y116.777 E0.27273
G1 F180 X112.748 Y116.463 E0.15304
G1 X112.752 Y103.538 E6.19483
G1 X112.81 Y103.219 E0.1554
G1 F178.3 X113.011 Y102.691 E0.27335
G1 F175.1 X113.471 Y102.067 E0.38205
G1 F170.4 X113.708 Y101.821 E0.17293
G1 F164.7 X114.007 Y101.607 E0.19262
G1 F159.8 X114.393 Y101.424 E0.23064
G1 F157.4 X131.538 Y101.424 E9.39663
G1 F159.2 X131.957 Y101.617 E0.24996
G1 F163.6 X132.276 Y101.844 E0.20642
G1 F170.7 X132.597 Y102.179 E0.23455
G1 F177.7 X132.984 Y102.887 E0.39165
G1 F180 X133.156 Y103.506 E0.30792
G1 X133.156 Y116.49 E6.2231
G1 X132.984 Y117.109 E0.30792
G1 F177.7 X132.597 Y117.817 E0.39165
G1 F170.7 X132.509 Y117.909 E0.06436
G0 F144 X132.276 Y118.152
G0 X131.957 Y118.379
G0 F36000 X131.538 Y118.572
G0 X130.499 Y118.572
G0 X130.499 Y119.908
G0 X136.226 Y123.4
G1 F180 X141.544 Y123.4 E2.54887
G1 X141.544 Y118.629 E2.28669
G1 X141.544 Y118.213
G1 F300 X141.544 Y101.787 E3.93641
G1 F180 X141.544 Y96.596 E2.488
G1 X136.226 Y96.596 E2.54887
G1 F178.4 X135.381 Y96.631 E0.40889
G1 F174 X134.536 Y96.698 E0.42029
G1 F168.6 X133.691 Y96.763 E0.43361
G1 F163.6 X132.846 Y96.827 E0.44678
G1 F159 X132.001 Y96.891 E0.45977
G1 F157.5 X131.156 Y96.872 E0.46303
G1 F300 X114.752 Y96.872 E4.47364
G1 F157.5 X113.96 Y96.889 E0.43379
G1 F159.4 X113.18 Y96.817 E0.42387
G1 F164.7 X112.393 Y96.745 E0.414
G1 F170.4 X111.607 Y96.671 E0.39967
G1 F176.6 X110.821 Y96.596 E0.38562
G1 F180 X103.736 Y96.596 E3.39577
G1 X103.736 Y101.645 E2.41994
G1 X103.736 Y101.787
G1 F300 X103.737 Y118.213 E3.93641
G1 F180 X103.737 Y123.399 E2.4856
G1 X110.818 Y123.4 E3.39385
G1 F176.6 X111.604 Y123.325 E0.38562
G1 F170.4 X112.39 Y123.251 E0.39977
G1 F164.7 X113.176 Y123.179 E0.41348
G1 F159.4 X113.962 Y123.107 E0.4271
G1 F157.5 X114.748 Y123.124 E0.43051
G1 F300 X131.156 Y123.124 E4.47473
G1 F157.5 X132.001 Y123.105 E0.46303
G1 F159 X132.846 Y123.169 E0.45977
G1 F163.6 X133.691 Y123.233 E0.44678
G1 F168.6 X134.536 Y123.298 E0.43361
G1 F174 X135.381 Y123.365 E0.42029
G1 F178.4 X135.498 Y123.37 E0.05662
G0 F144 X136.226 Y123.4
G0 F36000 X137.726 Y123.4
;MESH:NONMESH
G0 F600 Z66.6
G0 F36000 X137.726 Y121.791
G0 X111.213 Y119.836
G0 X110.285 Y119.473
;TIME_ELAPSED:4491.860760
;LAYER:27
;TYPE:WALL-INNER
;MESH:3DBenchy (6).stl
G1 F264.4 X109.918 Y118.873 E0.22948
G1 X109.649 Y118.278 E0.21305
G1 F270.4 X109.517 Y117.654 E0.20352
G1 F280.6 X109.437 Y117.019 E0.19678
G1 F285.9 X109.411 Y116.378 E0.19356
G1 F287.2 X109.414 Y103.614 E3.83424
G1 F285.7 X109.441 Y102.975 E0.19312
G1 F280.3 X109.52 Y102.342 E0.19636
G1 F270.1 X109.651 Y101.719 E0.20337
G1 F264.1 X109.919 Y101.123 E0.21345
G1 X110.286 Y100.523 E0.22974
G1 X110.815 Y99.875 E0.27323
G1 X107.015 Y99.875 E1.24122
G1 X107.015 Y101.237 E0.44488
G1 F270.1 X106.954 Y102.029 E0.25375
G1 F280.3 X106.918 Y102.821 E0.24405
G1 F285.7 X106.906 Y103.614 E0.23948
G1 F287.2 X106.905 Y116.378 E3.83424
G1 F285.9 X106.917 Y117.172 E0.23959
G1 F280.6 X106.953 Y117.966 E0.24438
G1 F270.4 X107.014 Y118.76 E0.2541
G1 F264.4 X107.014 Y120.122 E0.44439
G1 X110.815 Y120.123 E1.24018
G1 X110.746 Y120.038 E0.03572
G0 F144 X110.285 Y119.473
G0 F36000 X134.779 Y119.919
G0 X137.206 Y118.978
G1 F148.1 X137.356 Y118.112 E0.51202
G1 F155.8 X137.446 Y117.246 E0.48219
G1 F159.9 X137.476 Y116.38 E0.46744
G1 F161 X137.476 Y103.616 E6.83954
G1 F159.9 X137.446 Y102.75 E0.46744
G1 F155.8 X137.356 Y101.884 E0.48219
G1 F148.1 X137.33 Y101.736 E0.08754
G0 F144 X137.206 Y101.018
G0 F36000 X134.779 Y119.919
G0 X132.045 Y118.455
;TYPE:WALL-OUTER
G1 F159.6 X131.598 Y118.656 E0.26486
G1 F157.4 X114.304 Y118.656 E9.47829
G1 F159.6 X113.919 Y118.473 E0.23046
G1 F164.7 X113.62 Y118.259 E0.19262
G1 F170.4 X113.383 Y118.013 E0.17297
G1 F175 X112.922 Y117.388 E0.38284
G1 F178.3 X112.722 Y116.861 E0.27273
G1 F180 X112.664 Y116.547 E0.15304
G1 X112.668 Y103.454 E6.27535
G1 X112.726 Y103.135 E0.1554
G1 F178.3 X112.927 Y102.607 E0.27335
G1 F175.1 X113.387 Y101.983 E0.38205
G1 F170.4 X113.624 Y101.737 E0.17293
G1 F164.7 X113.923 Y101.523 E0.19262
G1 F159.8 X114.309 Y101.34 E0.23064
G1 F157.5 X122.968 Y101.34 E4.74365
G1 F157.3 X131.627 Y101.34 E4.74987
G1 F159.2 X132.048 Y101.536 E0.25168
G1 F163.6 X132.368 Y101.766 E0.20777
G1 F170.7 X132.685 Y102.101 E0.2331
G1 F177.8 X133.074 Y102.817 E0.39543
G1 F180 X133.24 Y103.406 E0.2933
G1 X133.24 Y116.38 E6.21831
G1 X133.211 Y116.726 E0.16642
G1 F177.9 X133.051 Y117.254 E0.2676
G1 F173.8 X132.617 Y117.96 E0.4114
G1 F169.1 X132.596 Y117.982 E0.01551
G0 F144 X132.365 Y118.226
G0 X132.045 Y118.455
G0 F36000 X131.598 Y118.656
G0 X130.588 Y118.656
G0 X130.588 Y119.992
G0 X136.353 Y123.484
G1 F180 X141.712 Y123.484 E2.56852
G1 X141.712 Y96.512 E12.92742
G1 X136.354 Y96.512 E2.56804
G1 F178.6 X135.502 Y96.544 E0.41191
G1 F174.2 X134.65 Y96.612 E0.42338
G1 F168.7 X133.797 Y96.678 E0.43753
G1 F163.6 X132.945 Y96.743 E0.4505
G1 F159 X132.093 Y96.808 E0.4637
G1 F157.5 X131.24 Y96.788 E0.46743
G1 F158.2 X114.668 Y96.788 E9.0389
G1 F157.5 X113.876 Y96.805 E0.43379
G1 F159.4 X113.096 Y96.733 E0.42387
G1 F164.7 X112.309 Y96.661 E0.414
G1 F170.4 X111.523 Y96.587 E0.39967
G1 F176.6 X110.737 Y96.512 E0.38562
G1 F180 X103.652 Y96.512 E3.39577
G1 X103.653 Y123.483 E12.92694
G1 X110.734 Y123.484 E3.39385
G1 F176.6 X111.52 Y123.409 E0.38562
G1 F170.4 X112.306 Y123.335 E0.39977
G1 F164.7 X113.092 Y123.263 E0.41348
G1 F159.4 X113.878 Y123.191 E0.4271
G1 F157.5 X114.664 Y123.208 E0.43051
G1 F158.2 X131.24 Y123.208 E9.04109
G1 F157.5 X132.032 Y123.191 E0.43379
G1 F159.3 X132.944 Y123.259 E0.4952
G1 F164.1 X133.796 Y123.323 E0.44913
G1 F169.1 X134.649 Y123.389 E0.4364
G1 F174.6 X135.501 Y123.457 E0.42235
G1 F178.7 X135.624 Y123.461 E0.0594
G0 F144 X136.353 Y123.484
G0 F36000 X137.853 Y123.484
;MESH:NONMESH
G0 F600 Z69
G0 F36000 X137.853 Y121.875
G0 X111.129 Y119.92
G0 X110.201 Y119.557
;TIME_ELAPSED:4584.258525
;LAYER:28
;TYPE:WALL-INNER
;MESH:3DBenchy (6).stl
G1 F264.4 X109.834 Y118.957 E0.22948
G1 X109.565 Y118.362 E0.21305
G1 F270.4 X109.433 Y117.738 E0.20352
G1 F280.6 X109.353 Y117.103 E0.19678
G1 F285.9 X109.327 Y116.462 E0.19356
G1 F287.2 X109.33 Y103.53 E3.88471
G1 F285.7 X109.357 Y102.891 E0.19312
G1 F280.3 X109.436 Y102.258 E0.19636
G1 F270.1 X109.567 Y101.635 E0.20337
G1 F264.1 X109.835 Y101.039 E0.21345
G1 X110.202 Y100.439 E0.22974
G1 X110.731 Y99.791 E0.27323
G1 X106.931 Y99.791 E1.24122
G1 X106.931 Y101.153 E0.44488
G1 F270.1 X106.87 Y101.945 E0.25375
G1 F280.3 X106.834 Y102.737 E0.24405
G1 F285.7 X106.822 Y103.53 E0.23948
G1 F287.2 X106.821 Y116.462 E3.88471
G1 F285.9 X106.833 Y117.256 E0.23959
G1 F280.6 X106.869 Y118.05 E0.24438
G1 F270.4 X106.93 Y118.844 E0.2541
G1 F264.4 X106.93 Y120.206 E0.44439
G1 X110.731 Y120.207 E1.24018
G1 X110.662 Y120.122 E0.03572
G0 F144 X110.201 Y119.557
G0 F36000 X134.863 Y120.003
G0 X137.34 Y119.028
G1 F145.9 X137.486 Y118.173 E0.5128
G1 F151.8 X137.569 Y117.429 E0.42554
G1 F155.6 X137.602 Y116.464 E0.53544
G1 F158 X137.602 Y103.532 E7.05973
G1 F155.6 X137.569 Y102.568 E0.53489
G1 F151.8 X137.486 Y101.822 E0.42667
G1 F145.9 X137.463 Y101.687 E0.08096
G0 F144 X137.34 Y100.968
G0 F36000 X134.863 Y120.003
G0 X132.043 Y118.581
;TYPE:WALL-OUTER
G1 F159.3 X131.664 Y118.74 E0.2226
G1 F157.5 X114.22 Y118.74 E9.55632
G1 F159.6 X113.835 Y118.557 E0.23041
G1 F164.7 X113.536 Y118.343 E0.19262
G1 F170.4 X113.299 Y118.097 E0.17297
G1 F175 X112.838 Y117.472 E0.38284
G1 F178.3 X112.638 Y116.945 E0.27273
G1 F180 X112.58 Y116.631 E0.15304
G1 X112.584 Y103.37 E6.35587
G1 X112.642 Y103.051 E0.1554
G1 F178.3 X112.843 Y102.523 E0.27335
G1 F175.1 X113.303 Y101.899 E0.38205
G1 F170.4 X113.54 Y101.653 E0.17293
G1 F164.7 X113.839 Y101.439 E0.19262
G1 F159.6 X114.225 Y101.256 E0.23085
G1 F157.5 X131.664 Y101.256 E9.55359
G1 F159.3 X132.043 Y101.415 E0.2226
G1 F163 X132.342 Y101.605 E0.18745
G1 F167.3 X132.588 Y101.827 E0.17085
G1 F171.9 X132.781 Y102.069 E0.15533
G1 F175.8 X133.133 Y102.658 E0.33677
G1 F178.6 X133.324 Y103.348 E0.34589
G1 F180 X133.324 Y116.464 E6.28637
G1 X133.295 Y116.81 E0.16642
G1 F178.6 X133.142 Y117.322 E0.25817
G1 F175.8 X132.781 Y117.927 E0.34577
G1 F171.9 X132.615 Y118.135 E0.13354
G0 F144 X132.588 Y118.169
G0 X132.342 Y118.391
G0 X132.043 Y118.581
G0 F36000 X131.664 Y118.74
G0 X130.575 Y118.74
G0 X130.575 Y120.076
G0 X135.836 Y123.564
G1 F179.8 X141.88 Y123.568 E2.89973
G1 F180 X141.88 Y96.428 E13.00794
G1 F179.8 X135.836 Y96.432 E2.89973
G1 F176.9 X135.084 Y96.492 E0.36781
G1 F171.9 X134.332 Y96.55 E0.37849
G1 F167.3 X133.58 Y96.607 E0.38884
G1 F163 X132.828 Y96.663 E0.39901
G1 F159 X132.076 Y96.719 E0.40913
G1 F157.6 X131.324 Y96.704 E0.41169
G1 F158.2 X114.584 Y96.704 E9.13054
G1 F157.5 X113.792 Y96.721 E0.43379
G1 F159.4 X113.012 Y96.649 E0.42387
G1 F164.7 X112.225 Y96.577 E0.414
G1 F170.4 X111.439 Y96.503 E0.39967
G1 F176.6 X110.653 Y96.428 E0.38562
G1 F180 X103.568 Y96.428 E3.39577
G1 X103.569 Y123.567 E13.00746
G1 X110.65 Y123.568 E3.39385
G1 F176.6 X111.436 Y123.493 E0.38562
G1 F170.4 X112.222 Y123.419 E0.39977
G1 F164.7 X113.008 Y123.347 E0.41348
G1 F159.4 X113.794 Y123.275 E0.4271
G1 F157.5 X114.58 Y123.292 E0.43051
G1 F158.2 X131.324 Y123.292 E9.13272
G1 F157.6 X132.076 Y123.277 E0.41169
G1 F159 X132.828 Y123.333 E0.40913
G1 F163 X133.58 Y123.389 E0.39901
G1 F167.3 X134.332 Y123.446 E0.38884
G1 F171.9 X135.084 Y123.504 E0.37849
G1 F176.9 X135.109 Y123.506 E0.01223
G0 F144 X135.836 Y123.564
G0 F36000 X137.336 Y123.564
;MESH:NONMESH
G0 F600 Z71.4
G0 F36000 X137.336 Y121.959
G0 X113.096 Y120.221
;TIME_ELAPSED:4677.341117
;LAYER:29
;TYPE:WALL-INNER
;MESH:3DBenchy (6).stl
G1 F180 X113.888 Y119.915 E0.40695
G1 X114.636 Y119.737 E0.36852
G1 X115.422 Y119.652 E0.37892
G1 X138.048 Y119.652 E10.84442
G1 X138.048 Y100.345 E9.25366
G1 X115.424 Y100.348 E10.84346
G1 X114.637 Y100.263 E0.3794
G1 X113.888 Y100.085 E0.36899
G1 X113.096 Y99.779 E0.40695
G1 X112.561 Y99.493 E0.29076
G1 X112.378 Y99.362 E0.10787
G1 X106.881 Y99.381 E2.63467
G1 X106.882 Y120.618 E10.17869
G1 X112.376 Y120.639 E2.63324
G1 X112.461 Y120.578 E0.05014
G0 F144 X112.559 Y120.508
G0 X113.096 Y120.221
G0 F36000 X113.096 Y119.043
G0 X115.061 Y123.739
;TYPE:WALL-OUTER
G1 F180 X115.54 Y123.654 E0.23317
G1 X142.048 Y123.652 E12.70503
G1 X142.048 Y96.345 E13.08798
G1 X115.541 Y96.346 E12.70455
G1 X115.061 Y96.261 E0.23364
G1 X114.619 Y96.063 E0.23213
G1 X114.358 Y95.878 E0.15333
G1 X113.982 Y95.456 E0.2709
G1 X113.952 Y95.356 E0.05004
G1 X102.88 Y95.397 E5.30674
G1 X102.882 Y124.604 E13.99863
G1 X113.952 Y124.645 E5.30578
G1 X113.983 Y124.542 E0.05155
G1 X114.358 Y124.123 E0.26951
G1 X114.42 Y124.079 E0.03644
G0 F144 X114.618 Y123.937
G0 X115.061 Y123.739
G0 F36000 X115.54 Y123.654
G0 X116.554 Y123.654
G0 X116.554 Y119.043
G0 X112.07 Y116.526
;TYPE:SKIN
G1 F180 X111.349 Y116.834 E0.37578
G1 X110.681 Y116.831 E0.32017
G1 X110.68 Y103.165 E6.54998
G1 X111.355 Y103.162 E0.32352
G1 X112.066 Y103.468 E0.371
G1 X112.837 Y103.735 E0.39106
G1 X113.508 Y103.908 E0.33212
G1 X114.629 Y104.093 E0.54455
G1 X114.665 Y104.096 E0.01731
G1 X115.361 Y104.148 E0.33452
G1 X134.248 Y104.145 E9.05236
G1 X134.248 Y115.28 E5.3369
G1 X134.248 Y115.852 E0.27415
G1 X115.36 Y115.852 E9.05283
G1 X114.567 Y115.906 E0.38096
G1 X113.408 Y116.104 E0.56355
G1 X112.705 Y116.302 E0.35005
G1 X112.07 Y116.526 E0.32273
G0 F36000 X114.527 Y106.091
G1 F180 X112.681 Y107.936 E1.25091
G0 F36000 X112.68 Y113.594
G1 F180 X120.127 Y106.147 E5.04772
G0 F36000 X125.784 Y106.147
G1 F180 X118.079 Y113.852 E5.22259
G0 F36000 X123.736 Y113.852
G1 F180 X131.442 Y106.146 E5.22327
G0 F36000 X132.248 Y110.997
G1 F180 X129.393 Y113.852 E1.93517
;MESH:NONMESH
G0 F600 Z73.8
G0 F36000 X136.386 Y119.043
G0 X136.386 Y120.112
;TIME_ELAPSED:4798.155228
;LAYER:30
;TYPE:WALL-INNER
;MESH:3DBenchy (6).stl
G1 F180 X136.971 Y119.928 E0.29393
G1 X137.665 Y119.791 E0.33905
G1 X138.216 Y119.753 E0.26472
G1 X138.216 Y100.246 E9.34951
G1 X137.667 Y100.209 E0.26373
G1 X136.973 Y100.073 E0.33895
G1 X136.387 Y99.888 E0.29453
G1 X135.894 Y99.679 E0.25665
G1 X135.356 Y99.388 E0.29316
G1 X135.206 Y99.278 E0.08915
G1 X106.628 Y99.381 E13.69725
G1 X106.629 Y120.614 E10.17677
G1 X135.199 Y120.725 E13.69343
G1 X135.35 Y120.616 E0.08926
G1 X135.723 Y120.414 E0.20331
G0 F144 X135.894 Y120.321
G0 X136.386 Y120.112
G0 F36000 X136.386 Y119.127
G0 X137.782 Y123.861
;TYPE:WALL-OUTER
G1 F180 X138.28 Y123.736 E0.24609
G1 X142.216 Y123.736 E1.88649
G1 X142.216 Y96.262 E13.16802
G1 X138.281 Y96.264 E1.88601
G1 X137.782 Y96.139 E0.24656
G1 X137.438 Y95.972 E0.18328
G1 X137.178 Y95.783 E0.15406
G1 X136.807 Y95.361 E0.26931
G1 X136.78 Y95.272 E0.04458
G1 X102.628 Y95.397 E16.36883
G1 X102.63 Y124.6 E13.99671
G1 X136.779 Y124.73 E16.3674
G1 X136.806 Y124.641 E0.04458
G1 X137.161 Y124.235 E0.25849
G0 F144 X137.176 Y124.218
G0 X137.436 Y124.029
G0 X137.782 Y123.861
G0 F36000 X138.28 Y123.736
G0 X139.267 Y123.736
G0 X139.267 Y122.127
G0 X134.416 Y116.819
;TYPE:SKIN
G1 F180 X134.193 Y116.922 E0.11773
G1 X110.429 Y116.827 E11.38994
G1 X110.429 Y103.165 E6.54806
G1 X134.197 Y103.078 E11.39185
G1 X134.416 Y103.178 E0.11539
G1 X134.416 Y116.819 E6.538
G0 F36000 X132.416 Y109.789
G1 F180 X127.73 Y105.103 E3.17626
G0 F36000 X122.094 Y105.123
G1 F180 X131.882 Y114.912 E6.63483
G0 F36000 X126.203 Y114.889
G1 F180 X116.458 Y105.144 E6.60534
G0 F36000 X112.429 Y106.772
G1 F180 X120.524 Y114.867 E5.48694
G0 F36000 X114.844 Y114.844
G1 F180 X112.429 Y112.429 E1.63693
;MESH:NONMESH
G0 F600 Z76.2
G0 F36000 X137.637 Y119.157
G0 X138.564 Y120.736
;TIME_ELAPSED:4924.053509
;LAYER:31
;TYPE:WALL-INNER
;MESH:3DBenchy (6).stl
G1 F180 X138.564 Y99.26 E10.29324
G1 X106.373 Y99.378 E15.42894
G1 X106.377 Y120.618 E10.18013
G1 X137.835 Y120.733 E15.07761
G0 F144 X138.564 Y120.736
G0 F36000 X137.984 Y120.126
G0 X142.564 Y124.723
;TYPE:WALL-OUTER
G1 F180 X142.564 Y95.244 E14.129
G1 X102.491 Y95.392 E19.20673
G1 X102.377 Y95.419 E0.05615
G1 X102.376 Y124.604 E13.98809
G1 X141.842 Y124.749 E18.9158
G0 F144 X142.515 Y124.751
G0 X142.564 Y124.723
G0 F36000 X142.564 Y123.223
G0 X140.955 Y123.222
G0 X134.764 Y116.92
;TYPE:SKIN
G1 F180 X110.176 Y116.831 E11.78487
G1 X110.173 Y103.165 E6.54998
G1 X134.764 Y103.072 E11.78631
G1 X134.764 Y116.92 E6.63721
G0 F36000 X128.348 Y114.897
G1 F180 X132.764 Y110.48 E2.99359
G0 F36000 X132.508 Y105.08
G1 F180 X122.711 Y114.877 E6.64059
G0 F36000 X117.075 Y114.856
G1 F180 X126.83 Y105.102 E6.61178
G0 F36000 X121.151 Y105.123
G1 F180 X112.176 Y114.098 E6.08342
G0 F36000 X112.175 Y108.443
G1 F180 X115.473 Y105.145 E2.23545
;MESH:NONMESH
G0 F600 Z78.6
G0 F36000 X123.185 Y113.413
;TIME_ELAPSED:5052.628035
;LAYER:32
;TYPE:WALL-INNER
;MESH:3DBenchy (6).stl
G1 F180 X123.186 Y120.681 E3.48348
G1 X138.312 Y120.736 E7.24979
G1 X138.312 Y99.263 E10.2918
G1 X123.184 Y99.315 E7.25075
G1 X123.18 Y106.576 E3.48013
G1 X123.116 Y107.262 E0.33022
G1 X122.923 Y108.162 E0.44117
G1 X122.533 Y109.073 E0.47496
G1 X122.217 Y109.618 E0.30195
G1 X121.955 Y109.987 E0.2169
G1 X122.397 Y110.649 E0.38151
G1 X122.728 Y111.29 E0.34577
G1 X122.976 Y112.044 E0.38043
G1 X123.113 Y112.688 E0.31557
G0 F144 X123.12 Y112.719
G0 X123.185 Y113.413
G0 F36000 X123.808 Y113.412
G0 X119.187 Y113.404
;TYPE:WALL-OUTER
G1 F180 X119.185 Y124.667 E5.39825
G1 X142.207 Y124.751 E11.03429
G1 X142.312 Y124.722 E0.05221
G1 X142.312 Y95.248 E14.1266
G1 X119.184 Y95.329 E11.08509
G1 X119.183 Y106.427 E5.31916
G1 X119.084 Y106.979 E0.26879
G1 X118.922 Y107.343 E0.19096
G1 X118.674 Y107.687 E0.20326
G1 F180.9 X118.512 Y107.821 E0.10026
G1 F186.7 X117.993 Y108.042 E0.26063
G1 F194.7 X117.653 Y108.113 E0.15391
G1 F200.4 X116.897 Y108.257 E0.33123
G1 F204.5 X116.126 Y108.27 E0.32524
G1 F193.3 X115.733 Y108.386 E0.18284
G1 F174.2 X115.296 Y108.373 E0.21646
G1 F163 X115.035 Y108.308 E0.14232
G1 F155.6 X114.723 Y108.171 E0.18888
G1 F147.7 X114.344 Y107.91 E0.26875
G1 X114.389 Y108.385 E0.27865
G1 F155.6 X114.383 Y108.726 E0.18905
G1 F163 X114.364 Y109.05 E0.17173
G1 F174.2 X114.241 Y109.47 E0.21668
G1 F193.3 X114.054 Y110.072 E0.28129
G1 F193 X114.264 Y110.407 E0.17671
G1 F173.5 X114.388 Y110.914 E0.25954
G1 F162.7 X114.419 Y111.122 E0.11153
G1 F153.7 X114.431 Y111.682 E0.31437
G1 F145.6 X114.423 Y111.95 E0.15887
G1 X114.649 Y111.805 E0.1591
G1 F153.7 X115.118 Y111.618 E0.28338
G1 F165.7 X115.515 Y111.567 E0.20839
G1 F177 X115.754 Y111.586 E0.11687
G1 F193 X116.128 Y111.714 E0.17667
G1 F204.5 X116.899 Y111.726 E0.32523
G1 F200.4 X117.655 Y111.866 E0.33092
G1 F194.7 X117.996 Y111.936 E0.15425
G1 F186.7 X118.514 Y112.157 E0.26021
G1 F180.9 X118.676 Y112.291 E0.10026
G1 F180 X118.925 Y112.635 E0.20354
G1 X118.962 Y112.713 E0.04138
G0 F144 X119.055 Y112.908
G0 X119.187 Y113.404
G0 F36000 X119.187 Y114.904
G0 X123.8 Y114.907
G0 X114.423 Y111.95
G1 F143.7 X114.042 Y112.625 E0.46549
G1 F144.2 X113.557 Y113.288 E0.49156
G1 F143.9 X112.81 Y113.929 E0.59019
G1 X112.34 Y114.25 E0.34126
G1 F144 X111.887 Y114.477 E0.30363
G1 F143.9 X111.393 Y114.661 E0.31601
G1 F144.1 X110.569 Y114.85 E0.50608
G1 F144.1 X110.028 Y114.896 E0.32509
G1 F143.9 X109.338 Y114.861 E0.41408
G1 F144 X108.863 Y114.782 E0.28849
G1 F144.1 X108.038 Y114.52 E0.51828
G1 F144.1 X107.658 Y114.344 E0.2508
G1 X106.934 Y113.886 E0.51306
G1 F143.9 X106.543 Y113.554 E0.30749
G1 F143.7 X106.1 Y113.068 E0.39493
G1 F143.8 X105.788 Y112.646 E0.3148
G1 F144.1 X105.58 Y112.289 E0.24729
G1 F144.2 X105.237 Y111.462 E0.53575
G1 F144.2 X105.056 Y110.661 E0.4913
G1 F144.1 X105.02 Y110.234 E0.25652
G1 F143.7 X105.028 Y109.69 E0.32667
G1 F143.8 X105.081 Y109.175 E0.31067
G1 F144.2 X105.281 Y108.35 E0.50797
G1 F144 X105.562 Y107.75 E0.39686
G1 F143.6 X105.832 Y107.299 E0.31574
G1 F143.8 X106.141 Y106.869 E0.31774
G1 F144.1 X106.756 Y106.255 E0.52034
G1 F144 X107.441 Y105.77 E0.50284
G1 F143.9 X107.929 Y105.521 E0.32849
G1 X108.407 Y105.34 E0.30646
G1 F144 X109.27 Y105.146 E0.52983
G1 F144 X109.795 Y105.103 E0.31559
G1 X110.472 Y105.128 E0.40588
G1 X111.271 Y105.291 E0.48855
G1 F143.9 X111.888 Y105.521 E0.39482
G1 F143.9 X112.458 Y105.817 E0.38518
G1 F143.8 X112.974 Y106.18 E0.3785
G1 F143.7 X113.512 Y106.66 E0.43274
G1 F143.6 X113.974 Y107.282 E0.4655
G0 F144 X113.976 Y107.285
G0 X114.344 Y107.91
G0 F36000 X127.768 Y111.837
;TYPE:SKIN
G1 F130.1 X127.342 Y111.466 E0.37452
G1 F148.3 X126.917 Y111.094 E0.32857
G1 F169.1 X126.638 Y111.036 E0.14539
G1 F180 X126.298 Y109.999 E0.52306
G1 X126.635 Y108.931 E0.53676
G1 F171.1 X126.864 Y108.87 E0.11949
G1 F153 X127.241 Y108.49 E0.30184
G1 F136.2 X127.618 Y108.111 E0.33859
G1 F126 X127.776 Y108.034 E0.12034
G1 F123.8 X127.854 Y106.907 E0.78741
G1 F124.7 X127.865 Y103.983 E2.0237
G1 F124.8 X133.627 Y103.963 E3.98373
G1 X133.627 Y106.858 E2.00153
G1 F123.9 X133.586 Y108.539 E1.17101
G1 F126 X133.725 Y108.755 E0.17586
G1 F136.2 X134.014 Y109.205 E0.33874
G1 F153 X134.304 Y109.655 E0.30188
G1 F171.1 X134.512 Y109.979 E0.19413
G1 F169.1 X134.254 Y110.323 E0.21939
G1 F148.3 X133.915 Y110.775 E0.32868
G1 F130.1 X133.575 Y111.227 E0.37498
G1 F123.1 X133.601 Y111.884 E0.46066
G1 F124.3 X133.629 Y113.14 E0.8722
G1 F124.9 X133.629 Y116.034 E1.99946
G1 X127.869 Y116.011 E3.9796
G1 F124.8 X127.867 Y113.179 E1.95764
G1 F123.7 X127.768 Y111.837 E0.93873
;MESH:NONMESH
G0 F600 Z81
G0 F36000 X120.72 Y116.097
G0 X111.256 Y116.091
;TIME_ELAPSED:5146.489171
;LAYER:33
;TYPE:WALL-OUTER
;MESH:3DBenchy (6).stl
G1 F281 X110.585 Y116.206 E0.20899
G1 F280.5 X109.804 Y116.242 E0.24048
G1 F280.8 X109.085 Y116.185 E0.22159
G1 F280.6 X108.435 Y116.065 E0.20323
G1 F280.7 X107.783 Y115.864 E0.2097
G1 F281 X107.145 Y115.598 E0.2122
G1 F280.6 X106.464 Y115.209 E0.24114
G1 F280.9 X105.9 Y114.779 E0.21781
G1 F281.2 X105.292 Y114.215 E0.25439
G1 F281 X104.792 Y113.562 E0.25248
G1 F280.3 X104.449 Y113.027 E0.19563
G1 F280.6 X104.176 Y112.466 E0.19183
G1 F281 X103.92 Y111.782 E0.2242
G1 F280.9 X103.767 Y111.092 E0.21705
G1 F281.1 X103.692 Y110.544 E0.16973
G1 F280.8 X103.674 Y110.001 E0.16691
G1 F280.4 X103.703 Y109.309 E0.21312
G1 F280.8 X103.816 Y108.657 E0.2033
G1 F280.7 X103.993 Y108.005 E0.20764
G1 F280.5 X104.292 Y107.267 E0.24492
G1 F280.4 X104.614 Y106.71 E0.19797
G1 F280.5 X104.964 Y106.194 E0.19178
G1 F281 X105.306 Y105.787 E0.1632
G1 F280.8 X105.7 Y105.396 E0.17054
G1 F280.7 X106.212 Y104.964 E0.20589
G1 F280.9 X106.901 Y104.524 E0.25106
G1 X107.456 Y104.262 E0.18848
G1 F280.8 X108.122 Y104.012 E0.21855
G1 F281 X109.103 Y103.797 E0.3083
G1 F280.9 X109.899 Y103.76 E0.24472
G1 F280.8 X110.569 Y103.786 E0.206
G1 F281 X111.252 Y103.907 E0.21294
G1 F281.2 X111.788 Y104.051 E0.17025
G1 F281.1 X112.284 Y104.23 E0.16181
G1 X112.744 Y104.442 E0.15543
G1 F281.2 X113.495 Y104.891 E0.2684
G1 F281 X113.925 Y105.225 E0.16715
G1 F280.8 X114.318 Y105.58 E0.16271
G1 F280.9 X114.687 Y105.988 E0.16894
G1 F280.8 X115.103 Y106.53 E0.20991
G1 F280.3 X115.507 Y107.239 E0.25119
G1 F280.4 X115.771 Y107.86 E0.20763
G1 F281 X115.938 Y108.385 E0.16912
G1 F280.6 X116.049 Y108.905 E0.16348
G1 X116.125 Y109.448 E0.16858
G1 X116.149 Y110.343 E0.27528
G1 F280.5 X116.051 Y111.095 E0.23326
G1 F280.7 X115.909 Y111.729 E0.19968
G1 F280.9 X115.719 Y112.274 E0.17725
G1 F281.2 X115.44 Y112.883 E0.20548
G1 F280.8 X115.16 Y113.364 E0.17099
G1 F280.6 X114.865 Y113.792 E0.15983
G1 X114.445 Y114.292 E0.20077
G1 X113.824 Y114.865 E0.2598
G1 F280.8 X113.18 Y115.322 E0.24261
G1 X112.42 Y115.714 E0.26272
G1 X111.956 Y115.887 E0.15214
G0 F144 X111.851 Y115.926
G0 X111.256 Y116.091
G0 F36000 X110.585 Y116.206
G0 X109.804 Y116.242
G0 X109.768 Y116.24
G0 X110.633 Y113.607
G1 F281.5 X111.296 Y113.411 E0.21191
G1 F281 X111.812 Y113.15 E0.17752
G1 F280.8 X112.235 Y112.852 E0.15897
G1 F280.9 X112.742 Y112.363 E0.21632
G1 F281.1 X113.177 Y111.685 E0.2472
G1 F281 X113.43 Y111.07 E0.20415
G1 F280.7 X113.579 Y110.279 E0.24739
G1 F280.8 X113.575 Y109.711 E0.17451
G1 F281 X113.43 Y108.887 E0.25684
G1 X113.023 Y108.024 E0.29291
G1 F280.9 X112.573 Y107.45 E0.22399
G1 F281.2 X111.98 Y106.956 E0.23675
G1 F281.5 X111.559 Y106.712 E0.14915
G1 F281.2 X110.974 Y106.478 E0.19327
G1 F281 X110.273 Y106.335 E0.21963
G1 X109.557 Y106.335 E0.2198
G1 X108.837 Y106.475 E0.22517
G1 X108.213 Y106.723 E0.20613
G1 X107.665 Y107.077 E0.20028
G1 F280.9 X107.075 Y107.635 E0.24939
G1 F280.8 X106.577 Y108.434 E0.28925
G1 X106.267 Y109.374 E0.30409
G1 F281 X106.236 Y110.288 E0.28075
G1 F280.9 X106.375 Y111.039 E0.23455
G1 F281 X106.558 Y111.535 E0.1623
G1 X107.018 Y112.29 E0.2714
G1 F281.2 X107.503 Y112.78 E0.21148
G1 X108.079 Y113.211 E0.22067
G1 F281 X108.784 Y113.497 E0.23356
G1 F281.1 X109.373 Y113.637 E0.18578
G1 F281 X109.908 Y113.674 E0.16463
G0 F144 X109.955 Y113.677
G0 X110.633 Y113.607
G0 F36000 X111.296 Y113.411
G0 X111.812 Y113.15
G0 X112.001 Y113.017
G0 X142.037 Y95.284
G1 F178.2 X142.036 Y123.957 E13.88012
G0 F144 X142.036 Y124.686
;MESH:NONMESH
G0 F600 Z83.4
G0 F36000 X139.354 Y124.672
G0 X112.446 Y117.785
G0 X111.267 Y116.186
;TIME_ELAPSED:5172.557040
;LAYER:34
;TYPE:WALL-OUTER
;MESH:3DBenchy (6).stl
G1 F274.4 X110.739 Y116.278 E0.16851
G1 X110.189 Y116.328 E0.17364
G1 F274.2 X109.632 Y116.326 E0.17526
G1 X109.08 Y116.278 E0.17434
G1 X108.548 Y116.182 E0.1701
G1 F274 X107.867 Y116.001 E0.22189
G1 X107.225 Y115.736 E0.21871
G1 F274.3 X106.748 Y115.489 E0.16895
G1 F274.4 X106.275 Y115.184 E0.17696
G1 X105.83 Y114.845 E0.17589
G1 F274.3 X105.43 Y114.478 E0.17075
G1 X105.067 Y114.082 E0.16897
G1 F274.4 X104.634 Y113.517 E0.22381
G1 F274.2 X104.294 Y112.925 E0.21481
G1 F274 X104.055 Y112.412 E0.17821
G1 F274.2 X103.868 Y111.904 E0.17033
G1 F274.4 X103.723 Y111.364 E0.1758
G1 F274.3 X103.63 Y110.832 E0.16987
G1 F274.1 X103.583 Y110.277 E0.17532
G1 F274.2 X103.579 Y109.723 E0.17432
G1 F274.5 X103.63 Y109.167 E0.17548
G1 F274.4 X103.723 Y108.632 E0.17073
G1 F274.2 X103.869 Y108.094 E0.17541
G1 F274.4 X104.053 Y107.587 E0.16958
G1 F274.2 X104.296 Y107.07 E0.17975
G1 F274 X104.634 Y106.479 E0.21439
G1 F274.2 X105.067 Y105.918 E0.22299
G1 X105.429 Y105.52 E0.16929
G1 F274.4 X105.831 Y105.152 E0.17136
G1 X106.277 Y104.812 E0.17633
G1 X106.743 Y104.512 E0.17425
G1 X107.223 Y104.262 E0.17016
G1 F274.2 X107.875 Y103.996 E0.22157
G1 F273.9 X108.671 Y103.783 E0.25957
G1 F274.2 X109.356 Y103.688 E0.2176
G1 X110.058 Y103.661 E0.22105
G1 F274 X110.741 Y103.719 E0.21585
G1 F274.2 X111.266 Y103.811 E0.16771
G1 F274.1 X111.939 Y103.995 E0.21962
G1 F274.2 X112.596 Y104.264 E0.22338
G1 F274.6 X113.369 Y104.676 E0.2752
G1 F274.3 X113.984 Y105.153 E0.2448
G1 F274.2 X114.389 Y105.519 E0.17176
G1 X114.755 Y105.92 E0.17083
G1 X115.182 Y106.478 E0.22109
G1 X115.599 Y107.198 E0.2618
G1 F273.6 X115.905 Y107.958 E0.25838
G1 X116.097 Y108.638 E0.22284
G1 F274.2 X116.188 Y109.164 E0.16797
G1 F274 X116.233 Y109.716 E0.1744
G1 X116.235 Y110.413 E0.21948
G1 X116.138 Y111.2 E0.2497
G1 F273.8 X115.912 Y112.031 E0.27139
G1 F273.9 X115.594 Y112.802 E0.26272
G1 F274.1 X115.182 Y113.52 E0.26057
G1 F274 X114.589 Y114.277 E0.30281
G1 F274.1 X113.968 Y114.86 E0.26812
G1 F274.2 X113.537 Y115.19 E0.1708
G1 X113.088 Y115.478 E0.16785
G1 X112.589 Y115.735 E0.17661
G1 F274 X111.969 Y115.992 E0.21134
G0 F144 X111.945 Y116.002
G0 X111.267 Y116.186
G0 F36000 X110.739 Y116.278
G0 X110.189 Y116.328
G0 X109.777 Y116.327
G0 X110.654 Y113.634
G1 F274.2 X111.127 Y113.504 E0.15435
G1 X111.771 Y113.208 E0.22302
G1 F274.4 X112.346 Y112.805 E0.22077
G1 F274.2 X112.971 Y112.104 E0.29551
G1 F274 X113.262 Y111.588 E0.18654
G1 X113.544 Y110.748 E0.27902
G1 X113.613 Y110.237 E0.16237
G1 F274.2 X113.574 Y109.352 E0.27874
G1 X113.281 Y108.434 E0.30321
G1 X112.992 Y107.93 E0.18281
G1 F274.4 X112.546 Y107.386 E0.22118
G1 F274.5 X112.037 Y106.959 E0.20881
G1 F274.6 X111.479 Y106.637 E0.2024
G1 F274.4 X110.757 Y106.386 E0.24033
G1 F274.2 X110.347 Y106.315 E0.13093
G1 F274.4 X109.586 Y106.301 E0.23931
G1 X108.934 Y106.408 E0.20774
G1 X108.298 Y106.656 E0.21463
G1 X107.741 Y106.989 E0.20404
G1 X107.273 Y107.388 E0.19336
G1 X106.823 Y107.93 E0.22149
G1 X106.466 Y108.614 E0.24259
G1 X106.276 Y109.242 E0.20629
G1 F274.3 X106.196 Y109.884 E0.20349
G1 F274.4 X106.237 Y110.53 E0.20352
G1 X106.396 Y111.207 E0.21865
G1 X106.729 Y111.933 E0.25113
G1 F274.5 X107.072 Y112.392 E0.18009
G1 F274.6 X107.517 Y112.837 E0.19772
G1 F274.5 X108.098 Y113.243 E0.22277
G1 F274.2 X108.688 Y113.504 E0.203
G1 F274.3 X109.421 Y113.677 E0.23689
G1 F274.4 X109.93 Y113.7 E0.1602
G0 F144 X110.071 Y113.707
G0 X110.654 Y113.634
G0 F36000 X111.127 Y113.504
G0 X111.771 Y113.208
G0 X112.016 Y113.036
;MESH:NONMESH
G0 F600 Z85.8
G0 F36000 X111.035 Y116.328
;TIME_ELAPSED:5187.770250
;LAYER:35
;TYPE:WALL-OUTER
;MESH:3DBenchy (6).stl
G1 F267.9 X110.474 Y116.399 E0.18213
G1 F267.7 X109.758 Y116.431 E0.23101
G1 F267.9 X109.063 Y116.372 E0.22465
G1 X108.531 Y116.276 E0.17412
G1 F267.7 X107.846 Y116.092 E0.22862
G1 F267.8 X107.177 Y115.816 E0.23318
G1 F268.1 X106.704 Y115.573 E0.17115
G1 X106.221 Y115.262 E0.18489
G1 X105.771 Y114.918 E0.1823
G1 F267.9 X105.365 Y114.542 E0.17823
G1 F267.4 X104.992 Y114.134 E0.17838
G1 F267.5 X104.506 Y113.494 E0.25922
G1 F267.8 X104.212 Y112.98 E0.19079
G1 F267.5 X103.895 Y112.286 E0.24611
G1 F267.3 X103.702 Y111.661 E0.21115
G1 F267.9 X103.579 Y111.123 E0.17775
G1 F267.8 X103.507 Y110.562 E0.18224
G1 F267.6 X103.481 Y110 E0.18141
G1 F267.9 X103.505 Y109.438 E0.18118
G1 F268.1 X103.579 Y108.875 E0.18276
G1 F267.9 X103.701 Y108.337 E0.17768
G1 F267.7 X103.912 Y107.67 E0.22549
G1 X104.215 Y107.022 E0.23057
G1 X104.585 Y106.378 E0.2394
G1 F267.9 X104.986 Y105.867 E0.20921
G1 F268.1 X105.359 Y105.458 E0.17815
G1 F267.9 X105.779 Y105.076 E0.18286
G1 F267.7 X106.232 Y104.726 E0.18452
G1 F267.9 X106.686 Y104.436 E0.17351
G1 F267.5 X107.184 Y104.18 E0.18062
G1 F267.6 X107.723 Y103.955 E0.18833
G1 F268.1 X108.252 Y103.787 E0.17863
G1 F267.9 X108.781 Y103.67 E0.1745
G1 F267.5 X109.499 Y103.579 E0.23345
G1 F267.6 X110.191 Y103.576 E0.22313
G1 F267.7 X110.89 Y103.641 E0.22628
G1 F267.9 X111.568 Y103.787 E0.22338
G1 F268 X112.099 Y103.957 E0.17951
G1 F267.9 X112.628 Y104.173 E0.18404
G1 X113.287 Y104.526 E0.24079
G1 F267.4 X113.965 Y105.004 E0.26768
G1 F267.5 X114.457 Y105.452 E0.21464
G1 F267.7 X114.936 Y105.985 E0.23098
G1 F267.3 X115.422 Y106.682 E0.27429
G1 F267.5 X115.868 Y107.546 E0.31363
G1 F267.6 X116.16 Y108.485 E0.31708
G1 F267.7 X116.282 Y109.167 E0.22331
G1 F268 X116.354 Y110.035 E0.28042
G1 F267.9 X116.282 Y110.843 E0.26127
G1 X116.187 Y111.382 E0.17628
G1 F267.7 X116.001 Y112.056 E0.22537
G1 F267.4 X115.68 Y112.845 E0.27486
G1 F267.2 X115.321 Y113.458 E0.2294
G1 F267.4 X115.004 Y113.92 E0.1808
G1 F267.7 X114.561 Y114.443 E0.22092
G1 F267.8 X114.098 Y114.875 E0.20403
G1 F267.9 X113.591 Y115.267 E0.20641
G1 X113.124 Y115.567 E0.17877
G1 X112.63 Y115.823 E0.1792
G1 X112.102 Y116.039 E0.18374
G1 X111.743 Y116.152 E0.12122
G0 F144 X111.566 Y116.208
G0 X111.035 Y116.328
G0 F36000 X110.474 Y116.399
G0 X109.758 Y116.431
G0 X109.541 Y116.413
G0 X110.593 Y113.679
G1 F268.1 X111.221 Y113.5 E0.21017
G1 X111.779 Y113.242 E0.19786
G1 X112.34 Y112.844 E0.22138
G1 F267.9 X112.881 Y112.277 E0.25241
G1 F267.7 X113.356 Y111.491 E0.29601
G1 F267.8 X113.603 Y110.652 E0.2818
G1 F268 X113.649 Y109.919 E0.23646
G1 F267.7 X113.561 Y109.192 E0.23604
G1 F267.6 X113.349 Y108.515 E0.22875
G1 F267.8 X113.006 Y107.876 E0.23367
G1 F267.9 X112.6 Y107.401 E0.20126
G1 F268.1 X112.061 Y106.924 E0.23165
G1 F268.3 X111.432 Y106.582 E0.23026
G1 X110.877 Y106.382 E0.18973
G1 F268.1 X110.126 Y106.264 E0.24467
G1 F267.9 X109.437 Y106.275 E0.22194
G1 F268 X108.685 Y106.463 E0.24957
G1 F268.1 X107.895 Y106.83 E0.28035
G1 F268.2 X107.252 Y107.361 E0.26829
G1 F268.1 X106.812 Y107.888 E0.22096
G1 F267.9 X106.425 Y108.631 E0.26982
G1 X106.228 Y109.296 E0.22339
G1 X106.169 Y109.946 E0.21021
G1 X106.218 Y110.706 E0.24529
G1 F267.7 X106.466 Y111.459 E0.25553
G1 X106.833 Y112.153 E0.25304
G1 F268 X107.45 Y112.829 E0.29467
G1 F268.1 X108.078 Y113.27 E0.24697
G1 F267.9 X108.684 Y113.535 E0.21303
G1 X109.361 Y113.707 E0.22498
G1 F267.8 X109.844 Y113.739 E0.15597
G1 X109.866 Y113.737 E0.00712
G0 F144 X110.593 Y113.679
G0 F36000 X111.221 Y113.5
G0 X111.779 Y113.242
G0 X111.968 Y113.108
;MESH:NONMESH
G0 F600 Z88.2
G0 F36000 X111.515 Y116.319
;TIME_ELAPSED:5203.451019
;LAYER:36
;TYPE:WALL-OUTER
;MESH:3DBenchy (6).stl
G1 F261.8 X110.961 Y116.438 E0.18671
G1 F262 X110.418 Y116.501 E0.17999
G1 F261.8 X109.916 Y116.52 E0.16553
G1 F261.7 X109.166 Y116.486 E0.24748
G1 F261.6 X108.497 Y116.363 E0.2243
G1 F261.4 X107.799 Y116.177 E0.23837
G1 X106.998 Y115.844 E0.28625
G1 F261.2 X106.225 Y115.387 E0.29654
G1 F261.6 X105.724 Y115.002 E0.20835
G1 X105.164 Y114.484 E0.25155
G1 F261.5 X104.69 Y113.906 E0.24658
G1 X104.304 Y113.349 E0.22355
G1 F261.4 X103.97 Y112.698 E0.24145
G1 F261.6 X103.709 Y112.048 E0.23097
G1 F261.1 X103.502 Y111.24 E0.27564
G1 X103.389 Y110.394 E0.28206
G1 F261.4 X103.398 Y109.645 E0.24718
G1 F261.5 X103.443 Y109.142 E0.16659
G1 F261.8 X103.54 Y108.593 E0.1837
G1 F262 X103.688 Y108.032 E0.19104
G1 F261.6 X103.881 Y107.512 E0.1829
G1 X104.162 Y106.914 E0.21788
G1 F261.5 X104.495 Y106.349 E0.21634
G1 F261.6 X104.955 Y105.756 E0.24748
G1 F262 X105.538 Y105.139 E0.27951
G1 F261.8 X106.307 Y104.55 E0.31918
G1 F261.7 X107.198 Y104.049 E0.33695
G1 F261.8 X107.937 Y103.782 E0.25892
G1 F262 X108.572 Y103.616 E0.21611
G1 F261.4 X109.227 Y103.507 E0.21912
G1 F261.2 X110.065 Y103.472 E0.27708
G1 F261.1 X110.918 Y103.552 E0.28313
G1 F261.3 X111.604 Y103.699 E0.2316
G1 F261.8 X112.216 Y103.9 E0.21226
G1 F261.4 X112.823 Y104.155 E0.21726
G1 F261.6 X113.466 Y104.529 E0.24529
G1 X113.988 Y104.902 E0.21156
G1 X114.52 Y105.386 E0.23716
G1 X114.907 Y105.81 E0.1893
G1 F261.4 X115.348 Y106.388 E0.23991
G1 F261.6 X115.698 Y106.991 E0.22991
G1 F261.7 X115.935 Y107.504 E0.18627
G1 F261.4 X116.123 Y108.034 E0.18557
G1 X116.277 Y108.591 E0.1907
G1 F261.8 X116.375 Y109.146 E0.18571
G1 F261.6 X116.426 Y109.748 E0.19922
G1 F261.8 X116.427 Y110.284 E0.17662
G1 F262 X116.375 Y110.854 E0.18846
G1 X116.277 Y111.404 E0.18395
G1 F261.7 X116.124 Y111.965 E0.19168
G1 F261.6 X115.939 Y112.489 E0.18324
G1 F261.7 X115.694 Y113.011 E0.19008
G1 F261.8 X115.406 Y113.514 E0.19099
G1 F261.9 X115.089 Y113.961 E0.18051
G1 F261.8 X114.714 Y114.408 E0.19226
G1 F261.2 X114.226 Y114.892 E0.22705
G1 F261.2 X113.649 Y115.342 E0.24164
G1 F261.6 X113.178 Y115.642 E0.18414
G1 F261.8 X112.666 Y115.91 E0.19042
G1 F261.7 X112.207 Y116.092 E0.16276
G0 F144 X112.067 Y116.148
G0 X111.515 Y116.319
G0 F36000 X110.961 Y116.438
G0 X110.418 Y116.501
G0 X110.032 Y116.515
G0 X110.767 Y113.671
G1 F261.8 X111.458 Y113.447 E0.23936
G1 F261.9 X112.115 Y113.07 E0.24951
G1 F261.8 X112.723 Y112.511 E0.27215
G1 X113.09 Y112.032 E0.19884
G1 F262 X113.394 Y111.449 E0.2165
G1 X113.602 Y110.77 E0.23383
G1 F262.1 X113.682 Y110.133 E0.21132
G1 F262.2 X113.635 Y109.336 E0.26269
G1 F261.9 X113.377 Y108.515 E0.28347
G1 F261.6 X113.039 Y107.888 E0.23488
G1 F261.8 X112.652 Y107.413 E0.20189
G1 F261.9 X112.12 Y106.924 E0.23802
G1 F261.8 X111.517 Y106.58 E0.22875
G1 X110.801 Y106.318 E0.25123
G1 F261.6 X109.95 Y106.225 E0.28229
G1 F261.7 X109.115 Y106.31 E0.27667
G1 F262 X108.488 Y106.501 E0.21582
G1 F261.8 X107.842 Y106.838 E0.24009
G1 X107.481 Y107.11 E0.14894
G1 F262 X107.023 Y107.56 E0.21142
G1 X106.609 Y108.17 E0.24275
G1 X106.32 Y108.828 E0.23664
G1 X106.175 Y109.454 E0.21158
G1 F261.8 X106.129 Y110.212 E0.25023
G1 F261.7 X106.293 Y111.112 E0.30155
G1 F261.6 X106.576 Y111.793 E0.24318
G1 F261.4 X107.028 Y112.455 E0.26452
G1 F261.7 X107.52 Y112.921 E0.22338
G1 F261.8 X108.139 Y113.332 E0.24483
G1 F261.6 X108.664 Y113.562 E0.189
G1 X109.458 Y113.749 E0.26899
G1 F261.8 X110.046 Y113.772 E0.1939
G0 F144 X110.103 Y113.774
G0 X110.767 Y113.671
G0 F36000 X111.458 Y113.447
G0 X112.115 Y113.07
G0 X112.127 Y113.059
;MESH:NONMESH
G0 F600 Z90.6
G0 F36000 X111.308 Y116.465
;TIME_ELAPSED:5219.649061
;LAYER:37
;TYPE:WALL-OUTER
;MESH:3DBenchy (6).stl
G1 F256 X110.738 Y116.562 E0.19489
G1 X110.177 Y116.611 E0.18981
G1 F255.9 X109.437 Y116.604 E0.24952
G1 X108.752 Y116.515 E0.23291
G1 F256 X108.162 Y116.379 E0.20401
G1 X107.64 Y116.213 E0.18456
G1 F255.9 X107.095 Y115.984 E0.19933
G1 X106.567 Y115.711 E0.20042
G1 X106.09 Y115.401 E0.19182
G1 X105.633 Y115.05 E0.1943
G1 F255.8 X105.216 Y114.66 E0.19258
G1 F255.5 X104.824 Y114.226 E0.19747
G1 F255.9 X104.472 Y113.773 E0.19344
G1 F256 X104.163 Y113.279 E0.19633
G1 F255.9 X103.899 Y112.764 E0.19513
G1 X103.685 Y112.246 E0.18898
G1 X103.511 Y111.686 E0.19773
G1 F255.7 X103.389 Y111.117 E0.19636
G1 X103.295 Y110.4 E0.244
G1 X103.3 Y109.528 E0.29424
G1 X103.395 Y108.841 E0.23401
G1 F255.9 X103.526 Y108.252 E0.20345
G1 F256 X103.699 Y107.713 E0.1908
G1 F255.7 X103.981 Y107.046 E0.24435
G1 F255.9 X104.423 Y106.283 E0.29732
G1 F255.7 X104.852 Y105.734 E0.23509
G1 F255.5 X105.249 Y105.305 E0.19737
G1 F255.9 X105.677 Y104.909 E0.19661
G1 F256 X106.249 Y104.477 E0.24152
G1 F255.5 X107.006 Y104.048 E0.2938
G1 F255.7 X107.67 Y103.769 E0.24302
G1 F255.8 X108.364 Y103.557 E0.24476
G1 F255.7 X109.077 Y103.433 E0.24419
G1 F256 X109.638 Y103.386 E0.18969
G1 F255.9 X110.225 Y103.392 E0.19794
G1 F255.7 X110.779 Y103.44 E0.18763
G1 F255.9 X111.359 Y103.542 E0.19857
G1 X112.055 Y103.734 E0.24344
G1 F255.4 X112.745 Y104.025 E0.25295
G1 F255.1 X113.347 Y104.338 E0.22943
G1 F255.6 X113.927 Y104.744 E0.23897
G1 F255.9 X114.396 Y105.137 E0.20632
G1 F255.8 X114.893 Y105.638 E0.23803
G1 F255.9 X115.331 Y106.207 E0.24211
G1 X115.647 Y106.704 E0.19858
G1 X115.909 Y107.207 E0.19123
G1 F255.7 X116.122 Y107.728 E0.18992
G1 F255.3 X116.339 Y108.42 E0.24505
G1 F255.5 X116.471 Y109.148 E0.24982
G1 F255.9 X116.521 Y109.724 E0.19495
G1 X116.521 Y110.275 E0.18579
G1 X116.471 Y110.848 E0.19394
G1 F255.7 X116.339 Y111.576 E0.24965
G1 X116.128 Y112.258 E0.24088
G1 X115.849 Y112.924 E0.24364
G1 X115.414 Y113.685 E0.29577
G1 F256 X114.98 Y114.254 E0.24121
G1 F256 X114.592 Y114.672 E0.19217
G1 F256 X114.172 Y115.061 E0.19296
G1 F255.9 X113.72 Y115.407 E0.19193
G1 F255.7 X113.092 Y115.809 E0.2516
G1 F256 X112.416 Y116.121 E0.25095
G1 F256 X112.009 Y116.267 E0.14569
G0 F144 X111.874 Y116.315
G0 X111.308 Y116.465
G0 F36000 X110.738 Y116.562
G0 X110.177 Y116.611
G0 X109.818 Y116.608
G0 X110.731 Y113.714
G1 F256.1 X111.32 Y113.532 E0.20764
G1 F256 X111.842 Y113.288 E0.19415
G1 X112.358 Y112.911 E0.21532
G1 F256.1 X112.826 Y112.446 E0.22221
G1 F256 X113.077 Y112.109 E0.14158
G1 F255.7 X113.426 Y111.476 E0.2439
G1 X113.666 Y110.674 E0.28247
G1 F255.9 X113.711 Y109.892 E0.26411
G1 F255.5 X113.62 Y109.17 E0.24572
G1 X113.392 Y108.449 E0.25534
G1 F255.9 X113.028 Y107.818 E0.24562
G1 F256.1 X112.601 Y107.295 E0.22741
G1 F255.8 X111.938 Y106.781 E0.28296
G1 F255.7 X111.113 Y106.387 E0.30849
G1 F255.9 X110.449 Y106.234 E0.22975
G1 F256 X109.735 Y106.195 E0.24093
G1 F255.9 X109.084 Y106.283 E0.2215
G1 F255.8 X108.528 Y106.445 E0.19534
G1 F255.9 X107.823 Y106.812 E0.26799
G1 F256 X107.403 Y107.124 E0.17635
G1 X106.803 Y107.781 E0.2999
G1 F255.9 X106.485 Y108.336 E0.21568
G1 X106.23 Y108.994 E0.23794
G1 X106.11 Y109.759 E0.2611
G1 F255.7 X106.109 Y110.36 E0.20279
G1 F255.9 X106.275 Y111.16 E0.27549
G1 X106.586 Y111.851 E0.2555
G1 F256 X106.833 Y112.25 E0.15811
G1 X107.408 Y112.881 E0.28764
G1 F256 X108.054 Y113.329 E0.26498
G1 F255.9 X108.645 Y113.586 E0.2173
G1 F256 X109.407 Y113.783 E0.26528
G1 F256 X110.008 Y113.799 E0.20257
G0 F144 X110.082 Y113.801
G0 X110.731 Y113.714
G0 F36000 X111.32 Y113.532
G0 X111.842 Y113.288
G0 X112.09 Y113.107
;MESH:NONMESH
G0 F600 Z93
G0 F36000 X111.08 Y116.573
;TIME_ELAPSED:5236.373969
;LAYER:38
;TYPE:WALL-OUTER
;MESH:3DBenchy (6).stl
G1 F252 X110.343 Y116.666 E0.2543
G1 F252.1 X109.613 Y116.67 E0.24982
G1 F252.3 X109.032 Y116.618 E0.19948
G1 X108.467 Y116.519 E0.19616
G1 F252.2 X107.759 Y116.327 E0.25095
G1 F252 X107.08 Y116.049 E0.25117
G1 X106.573 Y115.781 E0.19632
G1 F252.1 X106.091 Y115.478 E0.19483
G1 X105.496 Y115.019 E0.25716
G1 X104.995 Y114.52 E0.24198
G1 X104.513 Y113.939 E0.25834
G1 F251.8 X104.048 Y113.206 E0.29737
G1 F251.9 X103.675 Y112.414 E0.2998
G1 F252.3 X103.459 Y111.728 E0.24595
G1 F252.4 X103.336 Y111.167 E0.19634
G1 F252.3 X103.239 Y110.431 E0.25387
G1 F252.4 X103.238 Y109.701 E0.24955
G1 F252.3 X103.291 Y109.123 E0.19849
G1 F252.2 X103.39 Y108.554 E0.19758
G1 F252.1 X103.581 Y107.848 E0.25029
G1 F251.9 X103.919 Y107.031 E0.30278
G1 F251.7 X104.353 Y106.291 E0.29399
G1 X104.884 Y105.592 E0.30082
G1 F252.3 X105.4 Y105.074 E0.25003
G1 F252.5 X105.842 Y104.704 E0.19698
G1 X106.326 Y104.362 E0.20252
G1 F252.3 X106.815 Y104.082 E0.1927
G1 F252.2 X107.497 Y103.765 E0.25728
G1 F252.1 X108.182 Y103.551 E0.24559
G1 F251.6 X108.891 Y103.398 E0.24874
G1 F251.9 X109.617 Y103.325 E0.24987
G1 F252.2 X110.199 Y103.329 E0.1991
G1 F251.8 X110.784 Y103.383 E0.20126
G1 F252.1 X111.354 Y103.479 E0.19781
G1 F251.7 X112.058 Y103.673 E0.25025
G1 F251.6 X112.873 Y104.007 E0.30205
G1 F252.2 X113.493 Y104.363 E0.24458
G1 F252.4 X113.968 Y104.699 E0.1989
G1 F252.5 X114.418 Y105.075 E0.2004
G1 F252.4 X114.823 Y105.478 E0.19532
G1 F252.3 X115.309 Y106.061 E0.25956
G1 F251.9 X115.771 Y106.788 E0.29498
G1 F251.7 X116.139 Y107.584 E0.30052
G1 F251.8 X116.354 Y108.27 E0.24628
G1 F252.3 X116.483 Y108.831 E0.19685
G1 F252.2 X116.579 Y109.568 E0.25425
G1 F252 X116.581 Y110.291 E0.24751
G1 F252.3 X116.528 Y110.873 E0.19985
G1 F252.5 X116.427 Y111.442 E0.19749
G1 F252.2 X116.235 Y112.152 E0.25161
G1 F251.9 X115.9 Y112.958 E0.29891
G1 F252.1 X115.466 Y113.713 E0.29802
G1 F252.2 X114.932 Y114.408 E0.29983
G1 F252.3 X114.423 Y114.918 E0.24641
G1 F252.1 X113.849 Y115.396 E0.25562
G1 F252 X113.13 Y115.856 E0.2922
G1 F252.3 X112.322 Y116.231 E0.30462
G1 F252.1 X111.788 Y116.399 E0.19157
G0 F144 X111.635 Y116.447
G0 X111.08 Y116.573
G0 F36000 X110.343 Y116.666
G0 X109.613 Y116.67
G0 X109.587 Y116.668
G0 X110.42 Y113.799
G1 F252.4 X111.224 Y113.597 E0.28339
G1 F252.3 X111.782 Y113.337 E0.21052
G1 X112.292 Y112.987 E0.21153
G1 X112.801 Y112.505 E0.23972
G1 F252.2 X113.104 Y112.104 E0.17194
G1 F252.1 X113.448 Y111.486 E0.24204
G1 X113.687 Y110.663 E0.29328
G1 F252.2 X113.731 Y109.877 E0.26931
G1 F252.3 X113.649 Y109.198 E0.23389
G1 F252.1 X113.4 Y108.401 E0.28574
G1 X113.014 Y107.763 E0.25518
G1 F252.3 X112.607 Y107.275 E0.21731
G1 F252.4 X112 Y106.794 E0.26476
G1 F252.2 X111.624 Y106.579 E0.14817
G1 F252.1 X110.756 Y106.243 E0.31852
G1 F252.3 X109.662 Y106.17 E0.37495
G1 X108.635 Y106.375 E0.35814
G1 F252.5 X107.892 Y106.742 E0.28319
G1 X107.359 Y107.147 E0.22876
G1 F252.3 X106.936 Y107.575 E0.20579
G1 F252.1 X106.467 Y108.329 E0.30387
G1 F252.2 X106.205 Y108.984 E0.24133
G1 F252.4 X106.087 Y109.824 E0.28998
G1 F252.5 X106.09 Y110.344 E0.1777
G1 X106.214 Y110.995 E0.22647
G1 F252.3 X106.35 Y111.407 E0.14837
G1 F252 X106.685 Y112.079 E0.25705
G1 F252.2 X107.205 Y112.719 E0.2821
G1 F252.4 X107.758 Y113.167 E0.2433
G1 F252.3 X108.331 Y113.482 E0.22361
G1 F252.4 X109.086 Y113.736 E0.27231
G1 F252.5 X109.691 Y113.816 E0.20848
G0 F144 X109.695 Y113.817
G0 X110.42 Y113.799
G0 F36000 X111.224 Y113.597
G0 X111.782 Y113.337
G0 X111.827 Y113.306
;TIME_ELAPSED:5252.892832
M204 S4000
M82 ;absolute extrusion mode
M104 S0
M140 S0
;Retract the filament
G92 E1
G1 E-1 F300
G28 X0 Y0
M84
M82 ;absolute extrusion mode
M104 S0
;End of Gcode
;SETTING_3 {"global_quality": "[general]\\nversion = 4\\nname = Benchy slicing\\
;SETTING_3 ndefinition = custom\\n\\n[metadata]\\ntype = quality_changes\\nquali
;SETTING_3 ty_type = draft\\nsetting_version = 27\\n\\n[values]\\nacceleration_e
;SETTING_3 nabled = True\\nadhesion_type = none\\nbridge_settings_enabled = True
;SETTING_3 \\nlayer_height = 2.4\\nlayer_height_0 = 1.8\\nmagic_spiralize = Fals
;SETTING_3 e\\nrelative_extrusion = True\\nspeed_slowdown_layers = 1\\n\\n", "ex
;SETTING_3 truder_quality": ["[general]\\nversion = 4\\nname = Benchy slicing\\n
;SETTING_3 definition = custom\\n\\n[metadata]\\ntype = quality_changes\\nqualit
;SETTING_3 y_type = draft\\nintent_category = default\\nposition = 0\\nsetting_v
;SETTING_3 ersion = 27\\n\\n[values]\\nacceleration_print = 150\\nacceleration_t
;SETTING_3 ravel = 150\\nbottom_layers = 8\\nbridge_enable_more_layers = False\\
;SETTING_3 nbridge_fan_speed = 0\\nbridge_skin_material_flow = 50\\nbridge_skin_
;SETTING_3 speed = 5\\nbridge_skin_support_threshold = 10\\nbridge_wall_min_leng
;SETTING_3 th = 5\\nbridge_wall_speed = 5\\ncoasting_enable = True\\ncoasting_mi
;SETTING_3 n_volume = 12\\ncoasting_speed = 80\\ncoasting_volume = 7\\ninfill_li
;SETTING_3 ne_distance = 4\\ninfill_sparse_density = 100\\nline_width = 4\\nmagi
;SETTING_3 c_mesh_surface_mode = normal\\nretraction_enable = False\\nspeed_laye
;SETTING_3 r_0 = 3\\nspeed_print = 3\\nspeed_topbottom = 3\\nspeed_travel = 600.
;SETTING_3 0\\nspeed_wall = 3\\nspeed_wall_x = 3\\ntop_bottom_thickness = 6\\nto
;SETTING_3 p_layers = 3\\nwall_line_count = 2\\nwall_thickness = 4\\n\\n"]}
